id,published_at,pub_date,base_trading_date,base_close,sent_net,sent_pos,sent_neu,sent_neg,headline,url,close_1d,pct_change_1d,trading_date_1d,close_3d,pct_change_3d,trading_date_3d,close_7d,pct_change_7d,trading_date_7d,close_14d,pct_change_14d,trading_date_14d,close_30d,pct_change_30d,trading_date_30d,best_lag_days,best_lag_pct_change
134165585,2025-04-30 23:50:00+00:00,2025-04-30,2025-04-30,108.91243743896484,0.041375549510121346,0.05926429480314255,0.9228469729423523,0.017888745293021202,Franklin Global Equity Fund Q1 2025 Commentary,https://finnhub.io/api/news?id=add304a3ab757e79b9ad0319825662e9fcf86ab08aa9fe55c09c3b0c156d77d8,111.60224914550781,0.024697011377147395,2025-05-01,113.81209564208984,0.044987132033206,2025-05-05,116.64189910888672,0.07096950405001734,2025-05-09,134.37066650390625,0.2337495116589264,2025-05-20,145.0,0.33134473352741584,2025-06-12,30,0.33134473352741584
134165721,2025-04-30 23:40:39+00:00,2025-04-30,2025-04-30,108.91243743896484,-0.012982528656721115,0.013851115480065346,0.959315299987793,0.02683364413678646,"Closing Bell Movers: Snap falls 14% after Q1 results, no guidance",https://finnhub.io/api/news?id=7fa3ea8e501e70cc60de161786debf821d63449c12c2ffcc8ed1de23229f5bbe,111.60224914550781,0.024697011377147395,2025-05-01,113.81209564208984,0.044987132033206,2025-05-05,116.64189910888672,0.07096950405001734,2025-05-09,134.37066650390625,0.2337495116589264,2025-05-20,145.0,0.33134473352741584,2025-06-12,30,0.33134473352741584
134165430,2025-04-30 23:27:00+00:00,2025-04-30,2025-04-30,108.91243743896484,0.6935829967260361,0.835764467716217,0.022054094821214676,0.14218147099018097,Franklin Rising Dividends Fund Q1 2025 Commentary,https://finnhub.io/api/news?id=26941f83084757ed624985370f3fd39d40943f91642b1ebf6fc6e3c4526f1c0d,111.60224914550781,0.024697011377147395,2025-05-01,113.81209564208984,0.044987132033206,2025-05-05,116.64189910888672,0.07096950405001734,2025-05-09,134.37066650390625,0.2337495116589264,2025-05-20,145.0,0.33134473352741584,2025-06-12,30,0.33134473352741584
134165722,2025-04-30 22:52:59+00:00,2025-04-30,2025-04-30,108.91243743896484,-0.21364635229110718,0.38870149850845337,0.008950650691986084,0.6023478507995605,NVIDIA CEO Jensen Huang discusses U.S. chip investment at White House event,https://finnhub.io/api/news?id=88db5766f3b0ec40d3b4d4b4888de1f3b6f70427e3cf96674006b1ee241863f3,111.60224914550781,0.024697011377147395,2025-05-01,113.81209564208984,0.044987132033206,2025-05-05,116.64189910888672,0.07096950405001734,2025-05-09,134.37066650390625,0.2337495116589264,2025-05-20,145.0,0.33134473352741584,2025-06-12,30,0.33134473352741584
134165723,2025-04-30 22:44:00+00:00,2025-04-30,2025-04-30,108.91243743896484,0.5409030914306641,0.759212851524353,0.02247743122279644,0.21830976009368896,"Nvidia CEO Says All Companies Will Need ‘AI Factories,’ Touts Creation of American Jobs",https://finnhub.io/api/news?id=56a9faeda1015d727f0db1b4db67e25c41bff9c7507d5169a84a73c0b46166ba,111.60224914550781,0.024697011377147395,2025-05-01,113.81209564208984,0.044987132033206,2025-05-05,116.64189910888672,0.07096950405001734,2025-05-09,134.37066650390625,0.2337495116589264,2025-05-20,145.0,0.33134473352741584,2025-06-12,30,0.33134473352741584
134165724,2025-04-30 22:10:00+00:00,2025-04-30,2025-04-30,108.91243743896484,0.8006973788142204,0.8932492136955261,0.014198953285813332,0.0925518348813057,"Nvidia is still a buy, 'far ahead' of competitors: Analyst",https://finnhub.io/api/news?id=81d47d53e30cf808ef79b4ae246a64d1f3d918f77773d0ad872bdd809d8adfe8,111.60224914550781,0.024697011377147395,2025-05-01,113.81209564208984,0.044987132033206,2025-05-05,116.64189910888672,0.07096950405001734,2025-05-09,134.37066650390625,0.2337495116589264,2025-05-20,145.0,0.33134473352741584,2025-06-12,30,0.33134473352741584
134165725,2025-04-30 21:45:25+00:00,2025-04-30,2025-04-30,108.91243743896484,-0.7850088551640511,0.10300933569669724,0.008972441777586937,0.8880181908607483,"Advanced Micro Devices, Inc. (AMD) Started With a Buy Rating by Investment Bank",https://finnhub.io/api/news?id=d35b7676041361d4db1fd86dfe8de7c7876d15b277cc96e637e05c374c14316d,111.60224914550781,0.024697011377147395,2025-05-01,113.81209564208984,0.044987132033206,2025-05-05,116.64189910888672,0.07096950405001734,2025-05-09,134.37066650390625,0.2337495116589264,2025-05-20,145.0,0.33134473352741584,2025-06-12,30,0.33134473352741584
134165726,2025-04-30 21:29:58+00:00,2025-04-30,2025-04-30,108.91243743896484,0.15683793276548386,0.18881098926067352,0.779215931892395,0.03197305649518967,"Nvidia (NVDA) Will “Walk Away” From China, Strategist Says",https://finnhub.io/api/news?id=e5bfb45952f3deb13eb605aae8b6f6327e03e18e13919382fea9d57a6ee9a1d2,111.60224914550781,0.024697011377147395,2025-05-01,113.81209564208984,0.044987132033206,2025-05-05,116.64189910888672,0.07096950405001734,2025-05-09,134.37066650390625,0.2337495116589264,2025-05-20,145.0,0.33134473352741584,2025-06-12,30,0.33134473352741584
134164055,2025-04-30 21:05:13+00:00,2025-04-30,2025-04-30,108.91243743896484,0.012794386129826307,0.020519807934761047,0.971754789352417,0.00772542180493474,Supermicro Warning Takes Down AI Data Center Stocks,https://finnhub.io/api/news?id=6fa4af48e0e07464cae39181805c57d1fec4bf96f62b75ee423358fcbcf718d2,111.60224914550781,0.024697011377147395,2025-05-01,113.81209564208984,0.044987132033206,2025-05-05,116.64189910888672,0.07096950405001734,2025-05-09,134.37066650390625,0.2337495116589264,2025-05-20,145.0,0.33134473352741584,2025-06-12,30,0.33134473352741584
134165728,2025-04-30 21:04:57+00:00,2025-04-30,2025-04-30,108.91243743896484,-0.9208037871867418,0.02057081274688244,0.03805454447865486,0.9413745999336243,NVIDIA stock gains as Meta boosts AI capex... again,https://finnhub.io/api/news?id=9f4605146278e257a1f18503b17f2ee260b13ff9d4f90441d87ad0c4efe9df61,111.60224914550781,0.024697011377147395,2025-05-01,113.81209564208984,0.044987132033206,2025-05-05,116.64189910888672,0.07096950405001734,2025-05-09,134.37066650390625,0.2337495116589264,2025-05-20,145.0,0.33134473352741584,2025-06-12,30,0.33134473352741584
134165729,2025-04-30 21:00:00+00:00,2025-04-30,2025-04-30,108.91243743896484,0.9310915339738131,0.9529389142990112,0.025213707238435745,0.021847380325198174,NVIDIA Sets Conference Call for First-Quarter Financial Results,https://finnhub.io/api/news?id=ed148dcf7ef127572f9b2f76e6949ec732a7a7be3f1e3c2cd10c905738e97615,111.60224914550781,0.024697011377147395,2025-05-01,113.81209564208984,0.044987132033206,2025-05-05,116.64189910888672,0.07096950405001734,2025-05-09,134.37066650390625,0.2337495116589264,2025-05-20,145.0,0.33134473352741584,2025-06-12,30,0.33134473352741584
134165688,2025-04-30 20:54:25+00:00,2025-04-30,2025-04-30,108.91243743896484,0.15439465641975403,0.5480819344520569,0.05823081359267235,0.39368727803230286,Amazon Plans to Build Dozens of US Warehouses in Rural Expansion,https://finnhub.io/api/news?id=56861eb1cef96cefdb3bd67e8706b4aa92705ecdcaa46b56800ff5d034a91aaa,111.60224914550781,0.024697011377147395,2025-05-01,113.81209564208984,0.044987132033206,2025-05-05,116.64189910888672,0.07096950405001734,2025-05-09,134.37066650390625,0.2337495116589264,2025-05-20,145.0,0.33134473352741584,2025-06-12,30,0.33134473352741584
134165731,2025-04-30 20:34:57+00:00,2025-04-30,2025-04-30,108.91243743896484,0.5626780837774277,0.7751078009605408,0.012462493032217026,0.2124297171831131,Nvidia hit with Sell rating. Analysts say upside is priced in.,https://finnhub.io/api/news?id=758dc82cc8a593d8fe129fed9360b564197336250a3735d03531bb95442ac738,111.60224914550781,0.024697011377147395,2025-05-01,113.81209564208984,0.044987132033206,2025-05-05,116.64189910888672,0.07096950405001734,2025-05-09,134.37066650390625,0.2337495116589264,2025-05-20,145.0,0.33134473352741584,2025-06-12,30,0.33134473352741584
134165732,2025-04-30 20:21:41+00:00,2025-04-30,2025-04-30,108.91243743896484,-0.03156527131795883,0.01213129237294197,0.9441721439361572,0.0436965636909008,"’No evidence’ SMCI’s weak guidance hurts NVIDIA, Navellier says",https://finnhub.io/api/news?id=e8d1acdb6561d28adefb254fb071d5fd1e5180dd77e38d1060f42eedfc05d25f,111.60224914550781,0.024697011377147395,2025-05-01,113.81209564208984,0.044987132033206,2025-05-05,116.64189910888672,0.07096950405001734,2025-05-09,134.37066650390625,0.2337495116589264,2025-05-20,145.0,0.33134473352741584,2025-06-12,30,0.33134473352741584
134165733,2025-04-30 20:20:06+00:00,2025-04-30,2025-04-30,108.91243743896484,0.017123913392424583,0.02584497444331646,0.9654338955879211,0.008721061050891876,"Stock Market Today: Dow, S&P 500 Turn It Around As Soft Inflation Report Trumps Economic Contraction (Live Coverage)",https://finnhub.io/api/news?id=7a2e1bb1211852a32d1ecd4b7c8090c0c1c316d5dba29ae048954170a5f735c4,111.60224914550781,0.024697011377147395,2025-05-01,113.81209564208984,0.044987132033206,2025-05-05,116.64189910888672,0.07096950405001734,2025-05-09,134.37066650390625,0.2337495116589264,2025-05-20,145.0,0.33134473352741584,2025-06-12,30,0.33134473352741584
134165734,2025-04-30 20:19:39+00:00,2025-04-30,2025-04-30,108.91243743896484,0.8915645815432072,0.9290575981140137,0.03344935551285744,0.0374930165708065,NVIDIA Corporation (NVDA): Jim Cramer Says Demand Is ‘Insane’ — But the Government Holds the Keys,https://finnhub.io/api/news?id=56faa9861967e55cda0a46ca905a80aed1d33bf6195c89e482db90dad0e0d6d6,111.60224914550781,0.024697011377147395,2025-05-01,113.81209564208984,0.044987132033206,2025-05-05,116.64189910888672,0.07096950405001734,2025-05-09,134.37066650390625,0.2337495116589264,2025-05-20,145.0,0.33134473352741584,2025-06-12,30,0.33134473352741584
134165735,2025-04-30 19:57:53+00:00,2025-04-30,2025-04-30,108.91243743896484,0.0190763296559453,0.02792312018573284,0.9632300734519958,0.00884679052978754,"Top Investor Suggests NVDA, AMD Have Lost Pricing Power",https://finnhub.io/api/news?id=b2668973cb7115d32e6998a816876323d92ac16acc563cc0b9a351ac9f151b2e,111.60224914550781,0.024697011377147395,2025-05-01,113.81209564208984,0.044987132033206,2025-05-05,116.64189910888672,0.07096950405001734,2025-05-09,134.37066650390625,0.2337495116589264,2025-05-20,145.0,0.33134473352741584,2025-06-12,30,0.33134473352741584
134165736,2025-04-30 19:56:00+00:00,2025-04-30,2025-04-30,108.91243743896484,0.29166270792484283,0.39775967597961426,0.4961434006690979,0.10609696805477142,Trump’s Next Move on Nvidia Could Be a Costly Mistake,https://finnhub.io/api/news?id=ea5ea27ce0119bf3525bc5440337a75d26fc2d349eecd211283f4bcfc09e3770,111.60224914550781,0.024697011377147395,2025-05-01,113.81209564208984,0.044987132033206,2025-05-05,116.64189910888672,0.07096950405001734,2025-05-09,134.37066650390625,0.2337495116589264,2025-05-20,145.0,0.33134473352741584,2025-06-12,30,0.33134473352741584
134165737,2025-04-30 19:55:46+00:00,2025-04-30,2025-04-30,108.91243743896484,-0.9325687903910875,0.019068656489253044,0.029293814674019814,0.9516374468803406,Sector Update: Tech Stocks Higher Late Afternoon,https://finnhub.io/api/news?id=74d5b3ef0218856a02db4072b7d283e069e8f3f1041bf1b691459f3d97eda8ed,111.60224914550781,0.024697011377147395,2025-05-01,113.81209564208984,0.044987132033206,2025-05-05,116.64189910888672,0.07096950405001734,2025-05-09,134.37066650390625,0.2337495116589264,2025-05-20,145.0,0.33134473352741584,2025-06-12,30,0.33134473352741584
134165738,2025-04-30 19:31:26+00:00,2025-04-30,2025-04-30,108.91243743896484,-0.024362381547689438,0.02907188981771469,0.9174938797950745,0.05343427136540413,Nvidia Slashed to Sell by Seaport Research,https://finnhub.io/api/news?id=388e55290753d9f407193a44c21b230ddd145d3000c3bc6e9184fc1cac798a01,111.60224914550781,0.024697011377147395,2025-05-01,113.81209564208984,0.044987132033206,2025-05-05,116.64189910888672,0.07096950405001734,2025-05-09,134.37066650390625,0.2337495116589264,2025-05-20,145.0,0.33134473352741584,2025-06-12,30,0.33134473352741584
134164286,2025-04-30 18:15:10+00:00,2025-04-30,2025-04-30,108.91243743896484,-0.01752246543765068,0.020353488624095917,0.9417704939842224,0.0378759540617466,"Meta Beats Q1 Earnings And Rallies 5% After Hours--Still, I'm Staying Put",https://finnhub.io/api/news?id=19379a4f2d1021c9d36c28fe8caa6258664c39c7615cf76de56c4f172a5ed0be,111.60224914550781,0.024697011377147395,2025-05-01,113.81209564208984,0.044987132033206,2025-05-05,116.64189910888672,0.07096950405001734,2025-05-09,134.37066650390625,0.2337495116589264,2025-05-20,145.0,0.33134473352741584,2025-06-12,30,0.33134473352741584
134179137,2025-04-30 15:27:00+00:00,2025-04-30,2025-04-30,108.91243743896484,0.008133724331855774,0.018844490870833397,0.9704447388648987,0.010710766538977623,"Dow's 218-point drop led by losses for Amazon.com Inc., Nike stocks",https://finnhub.io/api/news?id=702dec8d12b3ab46f404d857ab41959e912290ad64a60151f7d6239a159ad61a,111.60224914550781,0.024697011377147395,2025-05-01,113.81209564208984,0.044987132033206,2025-05-05,116.64189910888672,0.07096950405001734,2025-05-09,134.37066650390625,0.2337495116589264,2025-05-20,145.0,0.33134473352741584,2025-06-12,30,0.33134473352741584
134159098,2025-04-30 15:05:00+00:00,2025-04-30,2025-04-30,108.91243743896484,0.9051391556859016,0.9409950971603394,0.02314896695315838,0.035855941474437714,ClearBridge Appreciation Portfolios Q1 2025 Commentary,https://finnhub.io/api/news?id=fdd2322c3ab98387db66531d584acc0998360d53b29d6846fafca59161c0e972,111.60224914550781,0.024697011377147395,2025-05-01,113.81209564208984,0.044987132033206,2025-05-05,116.64189910888672,0.07096950405001734,2025-05-09,134.37066650390625,0.2337495116589264,2025-05-20,145.0,0.33134473352741584,2025-06-12,30,0.33134473352741584
134179141,2025-04-30 14:53:00+00:00,2025-04-30,2025-04-30,108.91243743896484,0.8315220214426517,0.8658866882324219,0.0997486412525177,0.034364666789770126,How to Play Defense in the Market if You’re Worried About a Recession,https://finnhub.io/api/news?id=46e6dd79c91a41434cef689226245010451ab197abd92e8098898aa10ca41198,111.60224914550781,0.024697011377147395,2025-05-01,113.81209564208984,0.044987132033206,2025-05-05,116.64189910888672,0.07096950405001734,2025-05-09,134.37066650390625,0.2337495116589264,2025-05-20,145.0,0.33134473352741584,2025-06-12,30,0.33134473352741584
134179142,2025-04-30 14:21:00+00:00,2025-04-30,2025-04-30,108.91243743896484,0.019634599797427654,0.03003670834004879,0.9595611095428467,0.010402108542621136,"Chevron, Amazon.com Inc. share losses contribute to Dow's 100-point fall",https://finnhub.io/api/news?id=28c159562f0c03ac267f99eaf3aa3241a5b93b999413bd1d4d17d90575f34e92,111.60224914550781,0.024697011377147395,2025-05-01,113.81209564208984,0.044987132033206,2025-05-05,116.64189910888672,0.07096950405001734,2025-05-09,134.37066650390625,0.2337495116589264,2025-05-20,145.0,0.33134473352741584,2025-06-12,30,0.33134473352741584
134156555,2025-04-30 14:18:38+00:00,2025-04-30,2025-04-30,108.91243743896484,-0.9251082204282284,0.02788505330681801,0.019121699035167694,0.9529932737350464,Nvidia's Risk To Chinese Trade Restrictions May Be Easing,https://finnhub.io/api/news?id=91eecdaeecee892bd991b36c2048dd031188602f1b871fd5667e61c38180b9c1,111.60224914550781,0.024697011377147395,2025-05-01,113.81209564208984,0.044987132033206,2025-05-05,116.64189910888672,0.07096950405001734,2025-05-09,134.37066650390625,0.2337495116589264,2025-05-20,145.0,0.33134473352741584,2025-06-12,30,0.33134473352741584
134155350,2025-04-30 14:08:00+00:00,2025-04-30,2025-04-30,108.91243743896484,-0.4085639417171478,0.29087361693382263,0.009688758291304111,0.6994375586509705,3 Reasons Arista Networks Could Rally Significantly In The Next 12 Months,https://finnhub.io/api/news?id=e5ae654ce79206b1d237b6e9617d1ef0c2ff9a9aac06177530bd77defdfa71f0,111.60224914550781,0.024697011377147395,2025-05-01,113.81209564208984,0.044987132033206,2025-05-05,116.64189910888672,0.07096950405001734,2025-05-09,134.37066650390625,0.2337495116589264,2025-05-20,145.0,0.33134473352741584,2025-06-12,30,0.33134473352741584
134151954,2025-04-30 13:13:00+00:00,2025-04-30,2025-04-30,108.91243743896484,0.01564328372478485,0.026182198897004128,0.9632788896560669,0.010538915172219276,"Amazon.com Inc., Nike share losses lead Dow's nearly 350-point drop",https://finnhub.io/api/news?id=2aa0490bb5c7ce29ec9be71ec1d57700639dec9aaab4d8c3bab17e6f7cfe1862,111.60224914550781,0.024697011377147395,2025-05-01,113.81209564208984,0.044987132033206,2025-05-05,116.64189910888672,0.07096950405001734,2025-05-09,134.37066650390625,0.2337495116589264,2025-05-20,145.0,0.33134473352741584,2025-06-12,30,0.33134473352741584
134150816,2025-04-30 12:03:00+00:00,2025-04-30,2025-04-30,108.91243743896484,0.5031839832663536,0.5406566262245178,0.42187076807022095,0.037472642958164215,Super Micro’s big warning is taking these stocks down with it,https://finnhub.io/api/news?id=818d5964837ab753f04a3b52bc26ef7d677bc944207c9ab45b827cb8cac4d06d,111.60224914550781,0.024697011377147395,2025-05-01,113.81209564208984,0.044987132033206,2025-05-05,116.64189910888672,0.07096950405001734,2025-05-09,134.37066650390625,0.2337495116589264,2025-05-20,145.0,0.33134473352741584,2025-06-12,30,0.33134473352741584
134146060,2025-04-30 11:51:00+00:00,2025-04-30,2025-04-30,108.91243743896484,-0.7324744239449501,0.08390971273183823,0.09970618039369583,0.8163841366767883,Nvidia’s stock gets a rare sell call – due to ‘mounting questions’ about AI,https://finnhub.io/api/news?id=34b4ab6e80864a296f5aa1eae9da3eec29af69c8ba0a9a46252481c890e1f75b,111.60224914550781,0.024697011377147395,2025-05-01,113.81209564208984,0.044987132033206,2025-05-05,116.64189910888672,0.07096950405001734,2025-05-09,134.37066650390625,0.2337495116589264,2025-05-20,145.0,0.33134473352741584,2025-06-12,30,0.33134473352741584
134146061,2025-04-30 11:47:00+00:00,2025-04-30,2025-04-30,108.91243743896484,0.01127020176500082,0.021154051646590233,0.9689620733261108,0.009883849881589413,"Dow's 237-point fall led by losses in Chevron, Amazon.com Inc. stocks",https://finnhub.io/api/news?id=8f5db8bb05f279b315d175cf3df51eee27a83b72c60e0b3c17a7da160779d936,111.60224914550781,0.024697011377147395,2025-05-01,113.81209564208984,0.044987132033206,2025-05-05,116.64189910888672,0.07096950405001734,2025-05-09,134.37066650390625,0.2337495116589264,2025-05-20,145.0,0.33134473352741584,2025-06-12,30,0.33134473352741584
134145875,2025-04-30 11:42:14+00:00,2025-04-30,2025-04-30,108.91243743896484,-0.05002075433731079,0.46441906690597534,0.021141108125448227,0.5144398212432861,"Nvidia CEO says Trump should revise AI chip export rules, Bloomberg News reports",https://finnhub.io/api/news?id=73f41a14e1857da193e073dbf3d832776c05db31c7da89f7b452d0032078c2e4,111.60224914550781,0.024697011377147395,2025-05-01,113.81209564208984,0.044987132033206,2025-05-05,116.64189910888672,0.07096950405001734,2025-05-09,134.37066650390625,0.2337495116589264,2025-05-20,145.0,0.33134473352741584,2025-06-12,30,0.33134473352741584
134146041,2025-04-30 11:35:06+00:00,2025-04-30,2025-04-30,108.91243743896484,0.5796722918748856,0.6539996862411499,0.27167293429374695,0.07432739436626434,"Stock Market Today: Dow Jones Plunges On Surprise GDP; Nvidia, Tesla Dive As Super Micro Crashes (Live Coverage)",https://finnhub.io/api/news?id=e1179fa3561e5563ebf90d474db0791e233ce2d12b11f12b0cb6b3ef09a60e5d,111.60224914550781,0.024697011377147395,2025-05-01,113.81209564208984,0.044987132033206,2025-05-05,116.64189910888672,0.07096950405001734,2025-05-09,134.37066650390625,0.2337495116589264,2025-05-20,145.0,0.33134473352741584,2025-06-12,30,0.33134473352741584
134146018,2025-04-30 11:19:00+00:00,2025-04-30,2025-04-30,108.91243743896484,0.855898454785347,0.9059117436408997,0.044074930250644684,0.05001328885555267,"These Stocks Are Moving the Most Today: Super Micro, Nvidia, Tesla, Starbucks, Seagate, Norwegian, First Solar, Snap, and More",https://finnhub.io/api/news?id=24aa0f9be2cbf4f5a0a8af72f881c499ffb0ce4a72d0b6c7f5dde6d9b194ff9b,111.60224914550781,0.024697011377147395,2025-05-01,113.81209564208984,0.044987132033206,2025-05-05,116.64189910888672,0.07096950405001734,2025-05-09,134.37066650390625,0.2337495116589264,2025-05-20,145.0,0.33134473352741584,2025-06-12,30,0.33134473352741584
134145772,2025-04-30 11:13:25+00:00,2025-04-30,2025-04-30,108.91243743896484,0.013890160247683525,0.030661121010780334,0.952567994594574,0.01677096076309681,Super Micro Computer Results Suggest Nvidia Will Miss Q2 Outlook: Strong Sell,https://finnhub.io/api/news?id=ddc9bfa5fa8a4c36b3c7538a60ca4ab64dd42823dda3b2339bd87571dfc2c636,111.60224914550781,0.024697011377147395,2025-05-01,113.81209564208984,0.044987132033206,2025-05-05,116.64189910888672,0.07096950405001734,2025-05-09,134.37066650390625,0.2337495116589264,2025-05-20,145.0,0.33134473352741584,2025-06-12,30,0.33134473352741584
134141460,2025-04-30 11:00:27+00:00,2025-04-30,2025-04-30,108.91243743896484,0.3942899703979492,0.6877414584159851,0.018807055428624153,0.2934514880180359,Tech CEOs Meet With Lawmakers for National Security Summit,https://finnhub.io/api/news?id=7a319472a70d83d96fa0453382f11560b6e3dca38098659c4fc0fa1c223453c0,111.60224914550781,0.024697011377147395,2025-05-01,113.81209564208984,0.044987132033206,2025-05-05,116.64189910888672,0.07096950405001734,2025-05-09,134.37066650390625,0.2337495116589264,2025-05-20,145.0,0.33134473352741584,2025-06-12,30,0.33134473352741584
134145597,2025-04-30 10:59:29+00:00,2025-04-30,2025-04-30,108.91243743896484,0.65554279088974,0.8177309036254883,0.020080994814634323,0.1621881127357483,Nvidia CEO Says Trump Should Revise Rules For AI Chip Exports- Bloomberg News,https://finnhub.io/api/news?id=486fdc75fa5a282169ea42a15fc2a00c36389e5d39e16c958590fc3e357cc6e0,111.60224914550781,0.024697011377147395,2025-05-01,113.81209564208984,0.044987132033206,2025-05-05,116.64189910888672,0.07096950405001734,2025-05-09,134.37066650390625,0.2337495116589264,2025-05-20,145.0,0.33134473352741584,2025-06-12,30,0.33134473352741584
134141461,2025-04-30 10:56:07+00:00,2025-04-30,2025-04-30,108.91243743896484,0.58050836622715,0.7820571064949036,0.01639413647353649,0.2015487402677536,Taiwan's ASE evaluates how it will support Nvidia's $500 billion US plan,https://finnhub.io/api/news?id=73808e5f365ea1805b2eb24cda6d827136eb3675144386ad1f732c1792ddd3ea,111.60224914550781,0.024697011377147395,2025-05-01,113.81209564208984,0.044987132033206,2025-05-05,116.64189910888672,0.07096950405001734,2025-05-09,134.37066650390625,0.2337495116589264,2025-05-20,145.0,0.33134473352741584,2025-06-12,30,0.33134473352741584
134146063,2025-04-30 10:46:00+00:00,2025-04-30,2025-04-30,108.91243743896484,0.01952160708606243,0.030948041006922722,0.9576255083084106,0.01142643392086029,"Dow drops nearly 450 points on losses in shares of Amazon.com Inc., Nike",https://finnhub.io/api/news?id=9fe743e469fa3e0676239462836e200a28292f33e954787c5d2c99c49c92fa70,111.60224914550781,0.024697011377147395,2025-05-01,113.81209564208984,0.044987132033206,2025-05-05,116.64189910888672,0.07096950405001734,2025-05-09,134.37066650390625,0.2337495116589264,2025-05-20,145.0,0.33134473352741584,2025-06-12,30,0.33134473352741584
134145406,2025-04-30 10:32:17+00:00,2025-04-30,2025-04-30,108.91243743896484,0.6063465476036072,0.7985506653785706,0.009245190769433975,0.19220411777496338,Nvidia CEO Jensen Huang Says I'm Certain We Can Manufacture Chips On Shore With Resources Of Our Country - CNBC Interview,https://finnhub.io/api/news?id=6a1aea0e9cb4f7f8515cfe2e14966700f8a687ee559544597879fd2f8c243b80,111.60224914550781,0.024697011377147395,2025-05-01,113.81209564208984,0.044987132033206,2025-05-05,116.64189910888672,0.07096950405001734,2025-05-09,134.37066650390625,0.2337495116589264,2025-05-20,145.0,0.33134473352741584,2025-06-12,30,0.33134473352741584
134146064,2025-04-30 10:15:00+00:00,2025-04-30,2025-04-30,108.91243743896484,-0.5556591749191284,0.21458446979522705,0.01517192181199789,0.7702436447143555,"These 2 Chip Stocks Could Be Better Bets Than Nvidia, Analyst Says",https://finnhub.io/api/news?id=eba6efd65ef8cb48e7807ec02ce9c0a79aba22bef92cd3a4e17ca16498f17bd1,111.60224914550781,0.024697011377147395,2025-05-01,113.81209564208984,0.044987132033206,2025-05-05,116.64189910888672,0.07096950405001734,2025-05-09,134.37066650390625,0.2337495116589264,2025-05-20,145.0,0.33134473352741584,2025-06-12,30,0.33134473352741584
134145301,2025-04-30 10:15:00+00:00,2025-04-30,2025-04-30,108.91243743896484,0.013358808122575283,0.024053582921624184,0.965251624584198,0.0106947747990489,The Davenport Core Leaders Fund Q1 2025 Commentary,https://finnhub.io/api/news?id=30cbbdae87c9b1b956e51ece59c8a96cf5c63ad9d62c5732ec1a96c345d1f8cc,111.60224914550781,0.024697011377147395,2025-05-01,113.81209564208984,0.044987132033206,2025-05-05,116.64189910888672,0.07096950405001734,2025-05-09,134.37066650390625,0.2337495116589264,2025-05-20,145.0,0.33134473352741584,2025-06-12,30,0.33134473352741584
134141424,2025-04-30 10:12:00+00:00,2025-04-30,2025-04-30,108.91243743896484,-0.8992438204586506,0.043012868613004684,0.014730443246662617,0.9422566890716553,Prediction: 1 Stock That'll Be Worth More Than Apple a Year From Now,https://finnhub.io/api/news?id=4cbbe989904989ded6f923684f1524ad775fe656914665e5dd95f1e0b85c00ee,111.60224914550781,0.024697011377147395,2025-05-01,113.81209564208984,0.044987132033206,2025-05-05,116.64189910888672,0.07096950405001734,2025-05-09,134.37066650390625,0.2337495116589264,2025-05-20,145.0,0.33134473352741584,2025-06-12,30,0.33134473352741584
134146065,2025-04-30 10:07:00+00:00,2025-04-30,2025-04-30,108.91243743896484,0.11994735337793827,0.13330982625484467,0.853327751159668,0.013362472876906395,Super Micro Stock Is on Track for Its Worst Day Since November. Here’s Why.,https://finnhub.io/api/news?id=bb6cbf49d01c3bd844158c901b8cd347aa15acf17ee50fddfcda50e8b8c661c0,111.60224914550781,0.024697011377147395,2025-05-01,113.81209564208984,0.044987132033206,2025-05-05,116.64189910888672,0.07096950405001734,2025-05-09,134.37066650390625,0.2337495116589264,2025-05-20,145.0,0.33134473352741584,2025-06-12,30,0.33134473352741584
134146066,2025-04-30 10:00:00+00:00,2025-04-30,2025-04-30,108.91243743896484,0.011503728106617928,0.020763738080859184,0.9699762463569641,0.009260009974241257,"Large cryptocurrencies drop on XRP, Sui declines",https://finnhub.io/api/news?id=06b50a926f97a8b8f66f470ffc9468a68eb8e92e0052b1cab3425ccb7b25e27a,111.60224914550781,0.024697011377147395,2025-05-01,113.81209564208984,0.044987132033206,2025-05-05,116.64189910888672,0.07096950405001734,2025-05-09,134.37066650390625,0.2337495116589264,2025-05-20,145.0,0.33134473352741584,2025-06-12,30,0.33134473352741584
134146020,2025-04-30 09:59:00+00:00,2025-04-30,2025-04-30,108.91243743896484,0.8741539530456066,0.9065445065498352,0.061064958572387695,0.03239055350422859,"Sell Nvidia Stock, Analyst Says. Here’s Why.",https://finnhub.io/api/news?id=6ab18474e670cfcde56b9cf4a721ad3f9790bdd9c8d3f76ded0056e7300e9de0,111.60224914550781,0.024697011377147395,2025-05-01,113.81209564208984,0.044987132033206,2025-05-05,116.64189910888672,0.07096950405001734,2025-05-09,134.37066650390625,0.2337495116589264,2025-05-20,145.0,0.33134473352741584,2025-06-12,30,0.33134473352741584
134146043,2025-04-30 09:57:36+00:00,2025-04-30,2025-04-30,108.91243743896484,0.33069445192813873,0.4308432936668396,0.46900784969329834,0.10014884173870087,"Dow Jones Slides 650 Points On Surprise GDP, Jobs Data; Nvidia, Tesla, Super Micro Sell Off",https://finnhub.io/api/news?id=7c0cc56ea3d9e7f584ebd1eca50430814c185b4a350a744f0e4ee204dc6df78b,111.60224914550781,0.024697011377147395,2025-05-01,113.81209564208984,0.044987132033206,2025-05-05,116.64189910888672,0.07096950405001734,2025-05-09,134.37066650390625,0.2337495116589264,2025-05-20,145.0,0.33134473352741584,2025-06-12,30,0.33134473352741584
134146068,2025-04-30 09:45:00+00:00,2025-04-30,2025-04-30,108.91243743896484,0.0141426557675004,0.02496076188981533,0.9642211198806763,0.01081810612231493,"Nike, Amazon.com Inc. share losses contribute to Dow's 650-point drop",https://finnhub.io/api/news?id=50ef0844d99f076e1545463dbb61a4899a4701de9126ad2f36eea95cc337a0b9,111.60224914550781,0.024697011377147395,2025-05-01,113.81209564208984,0.044987132033206,2025-05-05,116.64189910888672,0.07096950405001734,2025-05-09,134.37066650390625,0.2337495116589264,2025-05-20,145.0,0.33134473352741584,2025-06-12,30,0.33134473352741584
134141444,2025-04-30 09:38:00+00:00,2025-04-30,2025-04-30,108.91243743896484,0.025591906160116196,0.0426625981926918,0.9402666687965393,0.017070692032575607,"These Stocks Are Moving the Most Today: Super Micro, Snap, First Solar, Starbucks, Seagate, Microsoft, Meta, and More",https://finnhub.io/api/news?id=db3ec42e4706fccb401914a19ca3ac9feb67c2b546af641c3ea471cc8a746da0,111.60224914550781,0.024697011377147395,2025-05-01,113.81209564208984,0.044987132033206,2025-05-05,116.64189910888672,0.07096950405001734,2025-05-09,134.37066650390625,0.2337495116589264,2025-05-20,145.0,0.33134473352741584,2025-06-12,30,0.33134473352741584
134141464,2025-04-30 09:29:00+00:00,2025-04-30,2025-04-30,108.91243743896484,0.013971894979476929,0.042021628469228745,0.9299286007881165,0.028049733489751816,Nasdaq Bear Market? 3 Artificial Intelligence Stocks Down 15% This Year.,https://finnhub.io/api/news?id=a95123a0657db68345672087556fc22514a72632a1cdd41cb916672b44c090be,111.60224914550781,0.024697011377147395,2025-05-01,113.81209564208984,0.044987132033206,2025-05-05,116.64189910888672,0.07096950405001734,2025-05-09,134.37066650390625,0.2337495116589264,2025-05-20,145.0,0.33134473352741584,2025-06-12,30,0.33134473352741584
134141465,2025-04-30 09:12:00+00:00,2025-04-30,2025-04-30,108.91243743896484,-0.8204511553049088,0.07912658154964447,0.02129576914012432,0.8995777368545532,Nvidia Stock Slips. What the Chip Maker Needs from Meta and Microsoft Earnings.,https://finnhub.io/api/news?id=73a849679fc8a720114d01a791855dfdb71c5f06f3705bad36ab1297e61e419c,111.60224914550781,0.024697011377147395,2025-05-01,113.81209564208984,0.044987132033206,2025-05-05,116.64189910888672,0.07096950405001734,2025-05-09,134.37066650390625,0.2337495116589264,2025-05-20,145.0,0.33134473352741584,2025-06-12,30,0.33134473352741584
134141466,2025-04-30 08:58:00+00:00,2025-04-30,2025-04-30,108.91243743896484,0.01009833300486207,0.017552312463521957,0.9749937057495117,0.007453979458659887,Better Semiconductor Stock: AMD vs. Nvidia,https://finnhub.io/api/news?id=a61cea2c071b24dc4279a0d7fec88007b12653d83c39f9f5f6d2972cba765f4d,111.60224914550781,0.024697011377147395,2025-05-01,113.81209564208984,0.044987132033206,2025-05-05,116.64189910888672,0.07096950405001734,2025-05-09,134.37066650390625,0.2337495116589264,2025-05-20,145.0,0.33134473352741584,2025-06-12,30,0.33134473352741584
134141467,2025-04-30 08:50:00+00:00,2025-04-30,2025-04-30,108.91243743896484,-0.8594749718904495,0.03964327275753021,0.061238452792167664,0.8991182446479797,Billionaires Sell Nvidia Stock Before the Market Crash and Buy a Golden ETF Up 166% in 10 Years,https://finnhub.io/api/news?id=5e9fd332ce60ae9ff4bb06f20b2b6f6a6c8e895d1aed0d398729bcac4a49414d,111.60224914550781,0.024697011377147395,2025-05-01,113.81209564208984,0.044987132033206,2025-05-05,116.64189910888672,0.07096950405001734,2025-05-09,134.37066650390625,0.2337495116589264,2025-05-20,145.0,0.33134473352741584,2025-06-12,30,0.33134473352741584
134144108,2025-04-30 08:27:00+00:00,2025-04-30,2025-04-30,108.91243743896484,0.24636338278651237,0.28305312991142273,0.6802572011947632,0.036689747124910355,Tariff And Tumble: April's Market Mood Swings,https://finnhub.io/api/news?id=f92bb6891932e980e9955be0e1f8ec8fb5428b2485a512c9949cf6191b8e273a,111.60224914550781,0.024697011377147395,2025-05-01,113.81209564208984,0.044987132033206,2025-05-05,116.64189910888672,0.07096950405001734,2025-05-09,134.37066650390625,0.2337495116589264,2025-05-20,145.0,0.33134473352741584,2025-06-12,30,0.33134473352741584
134146069,2025-04-30 08:15:00+00:00,2025-04-30,2025-04-30,108.91243743896484,-0.4412381947040558,0.27047041058540344,0.017821013927459717,0.7117086052894592,TSMC Stock Gets Trump Boost. Intel Thinks It Knows How to Strike Back.,https://finnhub.io/api/news?id=b517492407eeba543c6df8af8b6fe5d499542853b10764d302076f765f4a783f,111.60224914550781,0.024697011377147395,2025-05-01,113.81209564208984,0.044987132033206,2025-05-05,116.64189910888672,0.07096950405001734,2025-05-09,134.37066650390625,0.2337495116589264,2025-05-20,145.0,0.33134473352741584,2025-06-12,30,0.33134473352741584
134141468,2025-04-30 08:15:00+00:00,2025-04-30,2025-04-30,108.91243743896484,-0.006073862314224243,0.48598456382751465,0.02195708081126213,0.4920584261417389,Should You Buy SoundHound AI Stock Before May 8? This Recent Move by Nvidia Might Hold the Answer,https://finnhub.io/api/news?id=edcb3f2090e7b0f56ac406e8c241f40664b0d2d607054fae988a9ecd6fcf96eb,111.60224914550781,0.024697011377147395,2025-05-01,113.81209564208984,0.044987132033206,2025-05-05,116.64189910888672,0.07096950405001734,2025-05-09,134.37066650390625,0.2337495116589264,2025-05-20,145.0,0.33134473352741584,2025-06-12,30,0.33134473352741584
134145999,2025-04-30 08:14:20+00:00,2025-04-30,2025-04-30,108.91243743896484,-0.03853312134742737,0.09340551495552063,0.7746558785438538,0.131938636302948,Dow Jones Futures: Stock Market Rallies On 'Done' Trade Deal; Nvidia Partner Super Micro Dives Late,https://finnhub.io/api/news?id=50141434c9839cbb37eb268da158e2229824baba19b4cec3170f5b84b1598199,111.60224914550781,0.024697011377147395,2025-05-01,113.81209564208984,0.044987132033206,2025-05-05,116.64189910888672,0.07096950405001734,2025-05-09,134.37066650390625,0.2337495116589264,2025-05-20,145.0,0.33134473352741584,2025-06-12,30,0.33134473352741584
134141469,2025-04-30 08:10:00+00:00,2025-04-30,2025-04-30,108.91243743896484,-0.847858153283596,0.06882951408624649,0.014482825994491577,0.9166876673698425,Should Investors Worry About Nvidia's Future in China?,https://finnhub.io/api/news?id=80f9e9a851a9944e847ce8d4aa40bee3bbb1119b841b98a031877882318d4c74,111.60224914550781,0.024697011377147395,2025-05-01,113.81209564208984,0.044987132033206,2025-05-05,116.64189910888672,0.07096950405001734,2025-05-09,134.37066650390625,0.2337495116589264,2025-05-20,145.0,0.33134473352741584,2025-06-12,30,0.33134473352741584
134141470,2025-04-30 08:05:55+00:00,2025-04-30,2025-04-30,108.91243743896484,0.8526821061968803,0.9174789190292358,0.017724215984344482,0.0647968128323555,Is NVIDIA Corporation (NVDA) a Stock That Should Double in 3 Years?,https://finnhub.io/api/news?id=435c888b7fe112602771316aab11322480955df976889c7a86e1c39923c5b6ca,111.60224914550781,0.024697011377147395,2025-05-01,113.81209564208984,0.044987132033206,2025-05-05,116.64189910888672,0.07096950405001734,2025-05-09,134.37066650390625,0.2337495116589264,2025-05-20,145.0,0.33134473352741584,2025-06-12,30,0.33134473352741584
134142726,2025-04-30 07:50:47+00:00,2025-04-30,2025-04-30,108.91243743896484,0.5959057956933975,0.7851479649543762,0.02560984343290329,0.1892421692609787,Taiwan's ASE: evaluating how it will support Nvidia's $500 billion US plan,https://finnhub.io/api/news?id=bcdd7c62c1ec920924dd87ce2022f85bb129b893e6baafc095c7546299dc5643,111.60224914550781,0.024697011377147395,2025-05-01,113.81209564208984,0.044987132033206,2025-05-05,116.64189910888672,0.07096950405001734,2025-05-09,134.37066650390625,0.2337495116589264,2025-05-20,145.0,0.33134473352741584,2025-06-12,30,0.33134473352741584
134141430,2025-04-30 07:11:31+00:00,2025-04-30,2025-04-30,108.91243743896484,0.41530508548021317,0.5116056799888611,0.392093688249588,0.09630059450864792,Samsung profit slows after US-China trade war hits AI spending,https://finnhub.io/api/news?id=97b7658ccb669aa72e7ff893df84270e1b645a9952e77e4d641953150d3ccbdb,111.60224914550781,0.024697011377147395,2025-05-01,113.81209564208984,0.044987132033206,2025-05-05,116.64189910888672,0.07096950405001734,2025-05-09,134.37066650390625,0.2337495116589264,2025-05-20,145.0,0.33134473352741584,2025-06-12,30,0.33134473352741584
134146070,2025-04-30 06:22:09+00:00,2025-04-30,2025-04-30,108.91243743896484,0.02184429205954075,0.03181009367108345,0.9582241177558899,0.009965801611542702,"Super Micro shares dive, Nvidia dips, and other early market movers",https://finnhub.io/api/news?id=86acc270299f9d5106f201ce99111cea8dd5bc566b3af40b251f174bf49e1c46,111.60224914550781,0.024697011377147395,2025-05-01,113.81209564208984,0.044987132033206,2025-05-05,116.64189910888672,0.07096950405001734,2025-05-09,134.37066650390625,0.2337495116589264,2025-05-20,145.0,0.33134473352741584,2025-06-12,30,0.33134473352741584
134140685,2025-04-30 05:10:00+00:00,2025-04-30,2025-04-30,108.91243743896484,0.8660301305353642,0.9185800552368164,0.028870034962892532,0.052549924701452255,Deep Sail Capital Partner Q1 2025  Investor Letter,https://finnhub.io/api/news?id=5f965399513cb14b84ef3ef41a567a1ac86c76f81149cf5ddf454f0921799161,111.60224914550781,0.024697011377147395,2025-05-01,113.81209564208984,0.044987132033206,2025-05-05,116.64189910888672,0.07096950405001734,2025-05-09,134.37066650390625,0.2337495116589264,2025-05-20,145.0,0.33134473352741584,2025-06-12,30,0.33134473352741584
134141433,2025-04-30 01:55:25+00:00,2025-04-30,2025-04-30,108.91243743896484,0.4899569898843765,0.7370591759681702,0.015838658437132835,0.24710218608379364,TSMC Starts Building Third Arizona Plant As US Tariffs Loom,https://finnhub.io/api/news?id=a8954f0c3129dad1e5a7739a2c401d43b26e6886e262271264deeca170604035,111.60224914550781,0.024697011377147395,2025-05-01,113.81209564208984,0.044987132033206,2025-05-05,116.64189910888672,0.07096950405001734,2025-05-09,134.37066650390625,0.2337495116589264,2025-05-20,145.0,0.33134473352741584,2025-06-12,30,0.33134473352741584
134138992,2025-04-30 00:57:40+00:00,2025-04-30,2025-04-30,108.91243743896484,-0.7102446258068085,0.0675530731678009,0.1546492576599121,0.7777976989746094,Nvidia: Bullish Thesis Fully Intact,https://finnhub.io/api/news?id=49c625e6eff9d8b2cee2d0c8e80f95b5ae342eeff04d7c0b9c5d0f7e18016ddc,111.60224914550781,0.024697011377147395,2025-05-01,113.81209564208984,0.044987132033206,2025-05-05,116.64189910888672,0.07096950405001734,2025-05-09,134.37066650390625,0.2337495116589264,2025-05-20,145.0,0.33134473352741584,2025-06-12,30,0.33134473352741584
134141473,2025-04-29 23:30:26+00:00,2025-04-29,2025-04-29,109.0124282836914,0.4905390180647373,0.5370969176292419,0.41634517908096313,0.04655789956450462,"Brad Gerstner Says He’s Buying NVIDIA (NVDA) Amid ‘Off The Charts’ GPU Demand, Secular Growth",https://finnhub.io/api/news?id=7f269108bbfe196931249ecf1645a30998d22f448c37096d3ad87d3c0a18a428,108.91243743896484,-0.0009172426144507913,2025-04-30,114.49205017089844,0.05026602905264151,2025-05-02,117.36185455322266,0.07659150796827402,2025-05-08,135.5605926513672,0.24353337308097986,2025-05-19,142.8300018310547,0.3102175970189125,2025-06-11,30,0.3102175970189125
134141474,2025-04-29 21:45:16+00:00,2025-04-29,2025-04-29,109.0124282836914,-0.8532860223203897,0.021651869639754295,0.10341023653745651,0.874937891960144,Nvidia (NVDA) Gains But Lags Market: What You Should Know,https://finnhub.io/api/news?id=501983642c4dab8fadc4793f6c1b4ede943600b0ceec8b8c003377247eae629d,108.91243743896484,-0.0009172426144507913,2025-04-30,114.49205017089844,0.05026602905264151,2025-05-02,117.36185455322266,0.07659150796827402,2025-05-08,135.5605926513672,0.24353337308097986,2025-05-19,142.8300018310547,0.3102175970189125,2025-06-11,30,0.3102175970189125
134141475,2025-04-29 21:30:40+00:00,2025-04-29,2025-04-29,109.0124282836914,0.007939762435853481,0.01627974770963192,0.9753803014755249,0.008339985273778439,"NVIDIA, Dell fall after-hours after SMCI’s Q3 warning",https://finnhub.io/api/news?id=11e765f6f4d383bfe785cf90f13a790404d1ebaf4cd25759c8765e822b4afad0,108.91243743896484,-0.0009172426144507913,2025-04-30,114.49205017089844,0.05026602905264151,2025-05-02,117.36185455322266,0.07659150796827402,2025-05-08,135.5605926513672,0.24353337308097986,2025-05-19,142.8300018310547,0.3102175970189125,2025-06-11,30,0.3102175970189125
134138046,2025-04-29 21:30:00+00:00,2025-04-29,2025-04-29,109.0124282836914,-0.006803303956985474,0.1499335765838623,0.6933295726776123,0.15673688054084778,Franklin Growth Fund Q1 2025 Commentary,https://finnhub.io/api/news?id=a091628b0a27d1cf98991f0b43e4b870ee995ccbc62e3a1b6d1eb96ddc3bf609,108.91243743896484,-0.0009172426144507913,2025-04-30,114.49205017089844,0.05026602905264151,2025-05-02,117.36185455322266,0.07659150796827402,2025-05-08,135.5605926513672,0.24353337308097986,2025-05-19,142.8300018310547,0.3102175970189125,2025-06-11,30,0.3102175970189125
134141476,2025-04-29 21:26:32+00:00,2025-04-29,2025-04-29,109.0124282836914,0.01127640064805746,0.01888389140367508,0.9735086560249329,0.0076074907556176186,Super Micro Computer Stock Plunges On Weak March-Quarter Figures,https://finnhub.io/api/news?id=2685e868fc77b0b8492a27a73dea976586555f8c2485958b971f054de7746f07,108.91243743896484,-0.0009172426144507913,2025-04-30,114.49205017089844,0.05026602905264151,2025-05-02,117.36185455322266,0.07659150796827402,2025-05-08,135.5605926513672,0.24353337308097986,2025-05-19,142.8300018310547,0.3102175970189125,2025-06-11,30,0.3102175970189125
134141477,2025-04-29 20:46:43+00:00,2025-04-29,2025-04-29,109.0124282836914,0.3361407443881035,0.3808145821094513,0.5745115876197815,0.04467383772134781,Jim Cramer Says NVIDIA (NVDA) Being ‘Punished’ for Doing Business With ‘Enemy Nation’,https://finnhub.io/api/news?id=8e8f38f31d0997f34ed0f930667a0a8f8ebda8d43ed21d42d0755967a8e69d04,108.91243743896484,-0.0009172426144507913,2025-04-30,114.49205017089844,0.05026602905264151,2025-05-02,117.36185455322266,0.07659150796827402,2025-05-08,135.5605926513672,0.24353337308097986,2025-05-19,142.8300018310547,0.3102175970189125,2025-06-11,30,0.3102175970189125
134145981,2025-04-29 20:46:00+00:00,2025-04-29,2025-04-29,109.0124282836914,0.8092116564512253,0.8763733506202698,0.05646499618887901,0.0671616941690445,Trump Touts Economic Wins in Detroit Speech. Americans Aren’t Buying It.,https://finnhub.io/api/news?id=894f4c2b17060051d215b00750f8b1016c97b3f546e01d577e2de7b7bbc65944,108.91243743896484,-0.0009172426144507913,2025-04-30,114.49205017089844,0.05026602905264151,2025-05-02,117.36185455322266,0.07659150796827402,2025-05-08,135.5605926513672,0.24353337308097986,2025-05-19,142.8300018310547,0.3102175970189125,2025-06-11,30,0.3102175970189125
134141478,2025-04-29 20:19:00+00:00,2025-04-29,2025-04-29,109.0124282836914,-0.00545983761548996,0.0201043002307415,0.9543314576148987,0.02556413784623146,"These Stocks Moved the Most Today: GM, Tesla, Ford, JetBlue, Wolfspeed, SoFi, Nvidia, and More",https://finnhub.io/api/news?id=4e2a441a6f7bd1351ea550e83b1594d1eaaee563f558ab5e9de8770c8c79fb1c,108.91243743896484,-0.0009172426144507913,2025-04-30,114.49205017089844,0.05026602905264151,2025-05-02,117.36185455322266,0.07659150796827402,2025-05-08,135.5605926513672,0.24353337308097986,2025-05-19,142.8300018310547,0.3102175970189125,2025-06-11,30,0.3102175970189125
134146072,2025-04-29 20:18:00+00:00,2025-04-29,2025-04-29,109.0124282836914,0.8996167406439781,0.9271334409713745,0.04534982517361641,0.027516700327396393,Super Micro’s stock tanks and Nvidia could be the reason why,https://finnhub.io/api/news?id=29e1963197f8b285801d54d2636cff2a88d3ecfbfa9628eefdefc30e3f76fa70,108.91243743896484,-0.0009172426144507913,2025-04-30,114.49205017089844,0.05026602905264151,2025-05-02,117.36185455322266,0.07659150796827402,2025-05-08,135.5605926513672,0.24353337308097986,2025-05-19,142.8300018310547,0.3102175970189125,2025-06-11,30,0.3102175970189125
134141479,2025-04-29 19:58:48+00:00,2025-04-29,2025-04-29,109.0124282836914,-0.025460519827902317,0.015321916900575161,0.943895697593689,0.04078243672847748,Nvidia stock dips amid Reuters report on AI chip export rule review,https://finnhub.io/api/news?id=baa290a973314e62b2e40e29648c64ee7948b91900cd313d52459de384c6c29c,108.91243743896484,-0.0009172426144507913,2025-04-30,114.49205017089844,0.05026602905264151,2025-05-02,117.36185455322266,0.07659150796827402,2025-05-08,135.5605926513672,0.24353337308097986,2025-05-19,142.8300018310547,0.3102175970189125,2025-06-11,30,0.3102175970189125
134146073,2025-04-29 17:39:00+00:00,2025-04-29,2025-04-29,109.0124282836914,0.8885521776974201,0.9313900470733643,0.025772061198949814,0.04283786937594414,These Charts Show How Every S&P 500 Stock Has Performed in Trump’s First 100 Days,https://finnhub.io/api/news?id=f46c73afbb904310bba13a89e72df3321f20d01f8c72ad30441f389692485445,108.91243743896484,-0.0009172426144507913,2025-04-30,114.49205017089844,0.05026602905264151,2025-05-02,117.36185455322266,0.07659150796827402,2025-05-08,135.5605926513672,0.24353337308097986,2025-05-19,142.8300018310547,0.3102175970189125,2025-06-11,30,0.3102175970189125
134146074,2025-04-29 17:24:00+00:00,2025-04-29,2025-04-29,109.0124282836914,0.01978783868253231,0.030796151608228683,0.9581955075263977,0.011008312925696373,Super Micro Stock Tumbles on Big Earnings Miss,https://finnhub.io/api/news?id=447428d0592bfe12c64f1eaf1ea80ba303c7c22f39f774e22c614ab4acca5fe1,108.91243743896484,-0.0009172426144507913,2025-04-30,114.49205017089844,0.05026602905264151,2025-05-02,117.36185455322266,0.07659150796827402,2025-05-08,135.5605926513672,0.24353337308097986,2025-05-19,142.8300018310547,0.3102175970189125,2025-06-11,30,0.3102175970189125
134136209,2025-04-29 16:10:55+00:00,2025-04-29,2025-04-29,109.0124282836914,0.020153559744358063,0.049430396407842636,0.9212928414344788,0.029276836663484573,"IGM: Mag 7's P/E Has Come Down Ahead Of Q1 Earnings, But Technical Damage Done",https://finnhub.io/api/news?id=7c9e304cead5b4e7264c467e7adac95eb451e30ca85b688a28a6ae909fc613a0,108.91243743896484,-0.0009172426144507913,2025-04-30,114.49205017089844,0.05026602905264151,2025-05-02,117.36185455322266,0.07659150796827402,2025-05-08,135.5605926513672,0.24353337308097986,2025-05-19,142.8300018310547,0.3102175970189125,2025-06-11,30,0.3102175970189125
134130738,2025-04-29 15:38:16+00:00,2025-04-29,2025-04-29,109.0124282836914,0.8768130727112293,0.9262778162956238,0.02425742708146572,0.049464743584394455,NVIDIA Corporation (NVDA): Among Billionaire Andreas Halvorsen’s Stock Picks With Huge Upside Potential,https://finnhub.io/api/news?id=d97eb3cdaefc14fa42e94492c0ef907cc658c75ad8543e7556e8bf8aadebd8ee,108.91243743896484,-0.0009172426144507913,2025-04-30,114.49205017089844,0.05026602905264151,2025-05-02,117.36185455322266,0.07659150796827402,2025-05-08,135.5605926513672,0.24353337308097986,2025-05-19,142.8300018310547,0.3102175970189125,2025-06-11,30,0.3102175970189125
134130739,2025-04-29 14:53:22+00:00,2025-04-29,2025-04-29,109.0124282836914,0.017789538949728012,0.028775323182344437,0.9602389335632324,0.010985784232616425,"Nvidia's Technology Gap At Risk Amid Blackwell Delay, Analyst Says; Is Nvidia A Sell Now?",https://finnhub.io/api/news?id=9d85ab7403e4daf065a66c7fc11dff3e8dd747d4d01df10a93d256946ed802c8,108.91243743896484,-0.0009172426144507913,2025-04-30,114.49205017089844,0.05026602905264151,2025-05-02,117.36185455322266,0.07659150796827402,2025-05-08,135.5605926513672,0.24353337308097986,2025-05-19,142.8300018310547,0.3102175970189125,2025-06-11,30,0.3102175970189125
134130720,2025-04-29 14:45:00+00:00,2025-04-29,2025-04-29,109.0124282836914,0.011357346549630165,0.021299954503774643,0.9687575101852417,0.009942607954144478,Nvidia Stock Drops. Where This Analyst Sees a ‘Threat to Sales.’,https://finnhub.io/api/news?id=56d37478c03d672c8e4e0eeacbfd07bb1c58140fe9a4c6ca8ed882689ba6a11e,108.91243743896484,-0.0009172426144507913,2025-04-30,114.49205017089844,0.05026602905264151,2025-05-02,117.36185455322266,0.07659150796827402,2025-05-08,135.5605926513672,0.24353337308097986,2025-05-19,142.8300018310547,0.3102175970189125,2025-06-11,30,0.3102175970189125
134130741,2025-04-29 14:41:24+00:00,2025-04-29,2025-04-29,109.0124282836914,-0.7564846202731133,0.11685837060213089,0.009798585437238216,0.8733429908752441,"NVDA Stock Can Perform Well in the Long Term, Veteran Investor Says",https://finnhub.io/api/news?id=e7b7ae1b9cc13d853cc45a019ef43f99ad4cb0acf88717123d29c0c6cfa733e5,108.91243743896484,-0.0009172426144507913,2025-04-30,114.49205017089844,0.05026602905264151,2025-05-02,117.36185455322266,0.07659150796827402,2025-05-08,135.5605926513672,0.24353337308097986,2025-05-19,142.8300018310547,0.3102175970189125,2025-06-11,30,0.3102175970189125
134130742,2025-04-29 14:16:50+00:00,2025-04-29,2025-04-29,109.0124282836914,0.02979501150548458,0.03942417725920677,0.9509466886520386,0.00962916575372219,Is NVIDIA Corporation (NVDA) the Worst-Performing Blue Chip Stock So Far in 2025?,https://finnhub.io/api/news?id=0299c04f60a22b349e0f77d823246fa0011791463b4d0923a9cde873b77e33b5,108.91243743896484,-0.0009172426144507913,2025-04-30,114.49205017089844,0.05026602905264151,2025-05-02,117.36185455322266,0.07659150796827402,2025-05-08,135.5605926513672,0.24353337308097986,2025-05-19,142.8300018310547,0.3102175970189125,2025-06-11,30,0.3102175970189125
134130705,2025-04-29 13:54:58+00:00,2025-04-29,2025-04-29,109.0124282836914,0.1698583886027336,0.1940847784280777,0.7816888689994812,0.024226389825344086,Mag 7: What the technicals are saying about Big Tech stocks,https://finnhub.io/api/news?id=60c5a227ca78dd7a1c300a62836c4809dc9ca5a991e062f7b5787efa61043db0,108.91243743896484,-0.0009172426144507913,2025-04-30,114.49205017089844,0.05026602905264151,2025-05-02,117.36185455322266,0.07659150796827402,2025-05-08,135.5605926513672,0.24353337308097986,2025-05-19,142.8300018310547,0.3102175970189125,2025-06-11,30,0.3102175970189125
134130744,2025-04-29 13:37:00+00:00,2025-04-29,2025-04-29,109.0124282836914,0.8551570102572441,0.9177945256233215,0.019568003714084625,0.06263751536607742,"The Best Vanguard ETF to Invest $1,000 in Right Now",https://finnhub.io/api/news?id=b3651620f414dc7ae760d8e73f3c2e6c5d438ae9dbf255e3b81f3d69be59e4f3,108.91243743896484,-0.0009172426144507913,2025-04-30,114.49205017089844,0.05026602905264151,2025-05-02,117.36185455322266,0.07659150796827402,2025-05-08,135.5605926513672,0.24353337308097986,2025-05-19,142.8300018310547,0.3102175970189125,2025-06-11,30,0.3102175970189125
134130723,2025-04-29 13:36:55+00:00,2025-04-29,2025-04-29,109.0124282836914,0.5401651412248611,0.7605607509613037,0.019043657928705215,0.22039560973644257,Microsoft and Amazon Capex in Focus Amid Potential AI Pullback,https://finnhub.io/api/news?id=4c685c105b41eb7fa2d70d10e3da7fa6b562e224747c90dea138c1d7860c5f95,108.91243743896484,-0.0009172426144507913,2025-04-30,114.49205017089844,0.05026602905264151,2025-05-02,117.36185455322266,0.07659150796827402,2025-05-08,135.5605926513672,0.24353337308097986,2025-05-19,142.8300018310547,0.3102175970189125,2025-06-11,30,0.3102175970189125
134130746,2025-04-29 13:21:08+00:00,2025-04-29,2025-04-29,109.0124282836914,-0.0459532393142581,0.012448442168533802,0.9291498064994812,0.0584016814827919,Here’s Why NVIDIA Corporation (NVDA) Fell in Q1,https://finnhub.io/api/news?id=acee33cc3611cd83c2be2d05c872b8933bbad060803ea747926f51f0902e7ab7,108.91243743896484,-0.0009172426144507913,2025-04-30,114.49205017089844,0.05026602905264151,2025-05-02,117.36185455322266,0.07659150796827402,2025-05-08,135.5605926513672,0.24353337308097986,2025-05-19,142.8300018310547,0.3102175970189125,2025-06-11,30,0.3102175970189125
134130747,2025-04-29 13:00:13+00:00,2025-04-29,2025-04-29,109.0124282836914,0.8525285646319389,0.9180710315704346,0.01638643816113472,0.06554246693849564,NVIDIA Corporation (NVDA) is Attracting Investor Attention: Here is What You Should Know,https://finnhub.io/api/news?id=52e996c5ccbe1896b015687a671d50bb3e13cfd0cb58b46867c0ca313d9eabb8,108.91243743896484,-0.0009172426144507913,2025-04-30,114.49205017089844,0.05026602905264151,2025-05-02,117.36185455322266,0.07659150796827402,2025-05-08,135.5605926513672,0.24353337308097986,2025-05-19,142.8300018310547,0.3102175970189125,2025-06-11,30,0.3102175970189125
134130748,2025-04-29 12:30:27+00:00,2025-04-29,2025-04-29,109.0124282836914,0.8426646068692207,0.8753300309181213,0.09200458973646164,0.032665424048900604,Q1 2025 Cadence Design Systems Inc Earnings Call,https://finnhub.io/api/news?id=697841abe9d921ccb2eb22088ef71a2700a2d42ebe82a7bd3879e490eeb8f966,108.91243743896484,-0.0009172426144507913,2025-04-30,114.49205017089844,0.05026602905264151,2025-05-02,117.36185455322266,0.07659150796827402,2025-05-08,135.5605926513672,0.24353337308097986,2025-05-19,142.8300018310547,0.3102175970189125,2025-06-11,30,0.3102175970189125
134131266,2025-04-29 12:24:10+00:00,2025-04-29,2025-04-29,109.0124282836914,0.411077044904232,0.42964446544647217,0.5517880916595459,0.018567420542240143,Summer Recession Forecasted By Apollo: Is This S&P 500 Rally Built To Last?,https://finnhub.io/api/news?id=a0c69b4efd976a5ee680260b10cdb2bcf12984af2572c66ee3e01a58c766cc21,108.91243743896484,-0.0009172426144507913,2025-04-30,114.49205017089844,0.05026602905264151,2025-05-02,117.36185455322266,0.07659150796827402,2025-05-08,135.5605926513672,0.24353337308097986,2025-05-19,142.8300018310547,0.3102175970189125,2025-06-11,30,0.3102175970189125
134130749,2025-04-29 12:18:00+00:00,2025-04-29,2025-04-29,109.0124282836914,-0.01885082758963108,0.019177844747900963,0.9427934885025024,0.03802867233753204,"These Stocks Are Moving the Most Today: GM, Tesla, Ford, JetBlue, Wolfspeed, SoFi, Nvidia, and More",https://finnhub.io/api/news?id=1151b2c836f02dd34e07ffe6c40faa79af2d9eabe1c6367bbb71db0e2fc9478e,108.91243743896484,-0.0009172426144507913,2025-04-30,114.49205017089844,0.05026602905264151,2025-05-02,117.36185455322266,0.07659150796827402,2025-05-08,135.5605926513672,0.24353337308097986,2025-05-19,142.8300018310547,0.3102175970189125,2025-06-11,30,0.3102175970189125
134130750,2025-04-29 12:11:00+00:00,2025-04-29,2025-04-29,109.0124282836914,0.013746331911534071,0.021300315856933594,0.9711456894874573,0.007553983945399523,Stock-Split Watch: Is Nvidia Next?,https://finnhub.io/api/news?id=99b23908e0f0102bd78e83b770b5b23ade36fdb75feb5c261fc9d3fb53822312,108.91243743896484,-0.0009172426144507913,2025-04-30,114.49205017089844,0.05026602905264151,2025-05-02,117.36185455322266,0.07659150796827402,2025-05-08,135.5605926513672,0.24353337308097986,2025-05-19,142.8300018310547,0.3102175970189125,2025-06-11,30,0.3102175970189125
134130709,2025-04-29 12:00:55+00:00,2025-04-29,2025-04-29,109.0124282836914,-0.4257985055446625,0.274970680475235,0.024260109290480614,0.7007691860198975,S&P 493 earnings growth appears to be gaining as Mag 7 slows,https://finnhub.io/api/news?id=2d2bf1f72d5fd04e3cddd14140d0d2031eeb0374e5284055f4bd16c5003c0873,108.91243743896484,-0.0009172426144507913,2025-04-30,114.49205017089844,0.05026602905264151,2025-05-02,117.36185455322266,0.07659150796827402,2025-05-08,135.5605926513672,0.24353337308097986,2025-05-19,142.8300018310547,0.3102175970189125,2025-06-11,30,0.3102175970189125
134130165,2025-04-29 12:00:00+00:00,2025-04-29,2025-04-29,109.0124282836914,0.8459350578486919,0.9020314812660217,0.041872087866067886,0.05609642341732979,Nvidia: Time To Go All In,https://finnhub.io/api/news?id=2df417600d5ba4e923b61d24465555e6d7b419cacdebac879e42491650a2d814,108.91243743896484,-0.0009172426144507913,2025-04-30,114.49205017089844,0.05026602905264151,2025-05-02,117.36185455322266,0.07659150796827402,2025-05-08,135.5605926513672,0.24353337308097986,2025-05-19,142.8300018310547,0.3102175970189125,2025-06-11,30,0.3102175970189125
134130729,2025-04-29 10:30:00+00:00,2025-04-29,2025-04-29,109.0124282836914,-0.4168321490287781,0.2830196022987366,0.0171285942196846,0.6998517513275146,Pay Close Attention to This Crucial Revenue Source for Artificial Intelligence (AI) Giant Nvidia,https://finnhub.io/api/news?id=2cdcc504abbfe5d49a7716db63e9cd7dea17ee2ddd7b6666c5de6575a0a0749b,108.91243743896484,-0.0009172426144507913,2025-04-30,114.49205017089844,0.05026602905264151,2025-05-02,117.36185455322266,0.07659150796827402,2025-05-08,135.5605926513672,0.24353337308097986,2025-05-19,142.8300018310547,0.3102175970189125,2025-06-11,30,0.3102175970189125
134125957,2025-04-29 10:05:00+00:00,2025-04-29,2025-04-29,109.0124282836914,0.30295541509985924,0.3456508219242096,0.6116538047790527,0.04269540682435036,Markets Hold Their Breath,https://finnhub.io/api/news?id=1a88606f14911bbb783653406da86bff017c587d50b635656a561583835a6cc5,108.91243743896484,-0.0009172426144507913,2025-04-30,114.49205017089844,0.05026602905264151,2025-05-02,117.36185455322266,0.07659150796827402,2025-05-08,135.5605926513672,0.24353337308097986,2025-05-19,142.8300018310547,0.3102175970189125,2025-06-11,30,0.3102175970189125
134126553,2025-04-29 10:00:00+00:00,2025-04-29,2025-04-29,109.0124282836914,0.005513387732207775,0.018446145579218864,0.9686211943626404,0.01293275784701109,Sui leads declines as large cryptocurrencies start mixed,https://finnhub.io/api/news?id=e219fc413625ce94fc02aba03c5b1a61a16355b2f05e2cc42f4ce20e8369c2a6,108.91243743896484,-0.0009172426144507913,2025-04-30,114.49205017089844,0.05026602905264151,2025-05-02,117.36185455322266,0.07659150796827402,2025-05-08,135.5605926513672,0.24353337308097986,2025-05-19,142.8300018310547,0.3102175970189125,2025-06-11,30,0.3102175970189125
134126533,2025-04-29 09:42:21+00:00,2025-04-29,2025-04-29,109.0124282836914,0.06170288473367691,0.09854168444871902,0.8646195530891418,0.036838799715042114,Dow Jones Rises Amid Key Economic Data; Spotify Plunges On Earnings,https://finnhub.io/api/news?id=4e8f8f243ebf9eed381c71a59c74f9d07ec7d447ecb1fa02109cd3e831f9a6c8,108.91243743896484,-0.0009172426144507913,2025-04-30,114.49205017089844,0.05026602905264151,2025-05-02,117.36185455322266,0.07659150796827402,2025-05-08,135.5605926513672,0.24353337308097986,2025-05-19,142.8300018310547,0.3102175970189125,2025-06-11,30,0.3102175970189125
134130753,2025-04-29 09:32:00+00:00,2025-04-29,2025-04-29,109.0124282836914,0.4115566499531269,0.468307763338089,0.47494107484817505,0.05675111338496208,2 Artificial Intelligence (AI) Stocks That Could Make You a Millionaire,https://finnhub.io/api/news?id=c15abfab48be9743b3955b0b0c2c195323429d61270083c3822fbce0a79a68e2,108.91243743896484,-0.0009172426144507913,2025-04-30,114.49205017089844,0.05026602905264151,2025-05-02,117.36185455322266,0.07659150796827402,2025-05-08,135.5605926513672,0.24353337308097986,2025-05-19,142.8300018310547,0.3102175970189125,2025-06-11,30,0.3102175970189125
134130754,2025-04-29 09:30:00+00:00,2025-04-29,2025-04-29,109.0124282836914,0.04456828162074089,0.07500030100345612,0.8945676684379578,0.030432019382715225,Nvidia’s Trump Worries Go Far Beyond China,https://finnhub.io/api/news?id=d9ddb2b7578f819728ef69a17c94f6917f6544358f5b05f36746167bcd33f0d1,108.91243743896484,-0.0009172426144507913,2025-04-30,114.49205017089844,0.05026602905264151,2025-05-02,117.36185455322266,0.07659150796827402,2025-05-08,135.5605926513672,0.24353337308097986,2025-05-19,142.8300018310547,0.3102175970189125,2025-06-11,30,0.3102175970189125
134125410,2025-04-29 09:12:26+00:00,2025-04-29,2025-04-29,109.0124282836914,0.24087664298713207,0.26134735345840454,0.7181819677352905,0.02047071047127247,"H100 Renting Prices Will Drop, Fast - Reiterating Sell On Nebius",https://finnhub.io/api/news?id=7f5f98dc6db1908086a3c7365b4eddd6269d3fc71d06d6e4c94fe6348b2c55dd,108.91243743896484,-0.0009172426144507913,2025-04-30,114.49205017089844,0.05026602905264151,2025-05-02,117.36185455322266,0.07659150796827402,2025-05-08,135.5605926513672,0.24353337308097986,2025-05-19,142.8300018310547,0.3102175970189125,2025-06-11,30,0.3102175970189125
134125359,2025-04-29 09:05:00+00:00,2025-04-29,2025-04-29,109.0124282836914,-0.8769955858588219,0.05619261413812637,0.010619145818054676,0.9331881999969482,Chip Design Hits AI Crossover Point,https://finnhub.io/api/news?id=6c17033151b1bf166f032b85890d34248092bd7bef1b5e4a760af45f2fd9ba7e,108.91243743896484,-0.0009172426144507913,2025-04-30,114.49205017089844,0.05026602905264151,2025-05-02,117.36185455322266,0.07659150796827402,2025-05-08,135.5605926513672,0.24353337308097986,2025-05-19,142.8300018310547,0.3102175970189125,2025-06-11,30,0.3102175970189125
134130755,2025-04-29 08:45:00+00:00,2025-04-29,2025-04-29,109.0124282836914,0.009180976077914238,0.01702388934791088,0.9751332402229309,0.007842913269996643,The Best Tech ETF to Invest $250 in Right Now,https://finnhub.io/api/news?id=c5b7db10eb1e8c5c1b9152e5c8b9e6accea1d4207d5b4d6698e8803adfdcf059,108.91243743896484,-0.0009172426144507913,2025-04-30,114.49205017089844,0.05026602905264151,2025-05-02,117.36185455322266,0.07659150796827402,2025-05-08,135.5605926513672,0.24353337308097986,2025-05-19,142.8300018310547,0.3102175970189125,2025-06-11,30,0.3102175970189125
134124996,2025-04-29 08:30:00+00:00,2025-04-29,2025-04-29,109.0124282836914,0.8205542303621769,0.8757032752037048,0.06914764642715454,0.05514904484152794,Fiduciary Management Q1 2025 Shareholder Letter,https://finnhub.io/api/news?id=b9f4b3c750f97cf925ab0e33e6b24da8791c9cc97ec59f3cbf76e121b4766c15,108.91243743896484,-0.0009172426144507913,2025-04-30,114.49205017089844,0.05026602905264151,2025-05-02,117.36185455322266,0.07659150796827402,2025-05-08,135.5605926513672,0.24353337308097986,2025-05-19,142.8300018310547,0.3102175970189125,2025-06-11,30,0.3102175970189125
134124983,2025-04-29 08:30:00+00:00,2025-04-29,2025-04-29,109.0124282836914,0.8918626494705677,0.9355444312095642,0.020773712545633316,0.043681781738996506,ClearBridge Global Value Improvers Strategy Q1 2025 Commentary,https://finnhub.io/api/news?id=4777d1093e87a14df62c8046130e86746a78550592dfcc51a616b39754e74653,108.91243743896484,-0.0009172426144507913,2025-04-30,114.49205017089844,0.05026602905264151,2025-05-02,117.36185455322266,0.07659150796827402,2025-05-08,135.5605926513672,0.24353337308097986,2025-05-19,142.8300018310547,0.3102175970189125,2025-06-11,30,0.3102175970189125
134130756,2025-04-29 08:25:00+00:00,2025-04-29,2025-04-29,109.0124282836914,-0.8761395402252674,0.05311815068125725,0.01762416586279869,0.9292576909065247,Prediction: Nvidia Will Beat the Tariff Turmoil (and the Stock Will Soar),https://finnhub.io/api/news?id=d41d6657d0b0c863de403cabb3297cae18c5fd9eebca6d187143cb81c2db2ac7,108.91243743896484,-0.0009172426144507913,2025-04-30,114.49205017089844,0.05026602905264151,2025-05-02,117.36185455322266,0.07659150796827402,2025-05-08,135.5605926513672,0.24353337308097986,2025-05-19,142.8300018310547,0.3102175970189125,2025-06-11,30,0.3102175970189125
134146078,2025-04-29 06:51:00+00:00,2025-04-29,2025-04-29,109.0124282836914,0.8423127979040146,0.9108933210372925,0.020526131615042686,0.0685805231332779,Why Trump’s Next 100 Days Will Be More Crucial for Stock Markets and 5 Other Things to Know Today.,https://finnhub.io/api/news?id=f78935f0cbb49de1c3049de7ebc757a65d09fa428b2bb263b8c4b9f7d59d8196,108.91243743896484,-0.0009172426144507913,2025-04-30,114.49205017089844,0.05026602905264151,2025-05-02,117.36185455322266,0.07659150796827402,2025-05-08,135.5605926513672,0.24353337308097986,2025-05-19,142.8300018310547,0.3102175970189125,2025-06-11,30,0.3102175970189125
134123947,2025-04-29 06:25:53+00:00,2025-04-29,2025-04-29,109.0124282836914,0.5343606472015381,0.7316104173660278,0.07113976776599884,0.19724977016448975,Nvidia: The Reversion Angle Executed My Thesis Much Faster,https://finnhub.io/api/news?id=359a0beeeb1d3f3f90b9ac711bd1519a012e37d8178b40a35c114826a3c0801a,108.91243743896484,-0.0009172426144507913,2025-04-30,114.49205017089844,0.05026602905264151,2025-05-02,117.36185455322266,0.07659150796827402,2025-05-08,135.5605926513672,0.24353337308097986,2025-05-19,142.8300018310547,0.3102175970189125,2025-06-11,30,0.3102175970189125
134123746,2025-04-29 06:07:00+00:00,2025-04-29,2025-04-29,109.0124282836914,0.034695424139499664,0.059722308069467545,0.9152507185935974,0.02502688392996788,Grey Owl Capital Management Q1 2025 Client Letter,https://finnhub.io/api/news?id=0c5652cb17f37bf21469b52fe2edbfc48dd2f3a84446404e47fe024cd5735ec9,108.91243743896484,-0.0009172426144507913,2025-04-30,114.49205017089844,0.05026602905264151,2025-05-02,117.36185455322266,0.07659150796827402,2025-05-08,135.5605926513672,0.24353337308097986,2025-05-19,142.8300018310547,0.3102175970189125,2025-06-11,30,0.3102175970189125
134122014,2025-04-29 02:15:00+00:00,2025-04-29,2025-04-29,109.0124282836914,0.4533654451370239,0.7098033428192139,0.033758752048015594,0.25643789768218994,Alphabet Sets A Positive Tone Ahead Of Mega Tech Earnings Results This Week,https://finnhub.io/api/news?id=dc13ebbfecea942308757fd0ac43260ba4092619f845854fd643fdea3987fe21,108.91243743896484,-0.0009172426144507913,2025-04-30,114.49205017089844,0.05026602905264151,2025-05-02,117.36185455322266,0.07659150796827402,2025-05-08,135.5605926513672,0.24353337308097986,2025-05-19,142.8300018310547,0.3102175970189125,2025-06-11,30,0.3102175970189125
134126535,2025-04-28 22:00:29+00:00,2025-04-28,2025-04-28,108.72245025634766,0.5089582204818726,0.7271547913551331,0.05464867502450943,0.2181965708732605,"Dow Jones Futures: Nvidia, Tesla Test Key Levels; Apple, Amazon Lead Big Earnings Reports",https://finnhub.io/api/news?id=1b86cb5b023a5157422b87f0b2ec1ab92103c249e3c7aaeccc4b6e0c62aaa8e9,109.0124282836914,0.0026671402885055924,2025-04-29,111.60224914550781,0.026487619460103383,2025-05-01,117.05187225341797,0.07661179432059394,2025-05-07,135.39059448242188,0.24528645337918353,2025-05-16,143.95001220703125,0.32401368684778026,2025-06-10,30,0.32401368684778026
134126555,2025-04-28 20:05:00+00:00,2025-04-28,2025-04-28,108.72245025634766,0.8457243964076042,0.9092636108398438,0.02719711698591709,0.06353921443223953,Why Nvidia investors shouldn’t worry about Huawei’s new AI chip,https://finnhub.io/api/news?id=01be21d77f75445728c045d67004aaf6c1514b4d3b23d2153c7325fe4449a97a,109.0124282836914,0.0026671402885055924,2025-04-29,111.60224914550781,0.026487619460103383,2025-05-01,117.05187225341797,0.07661179432059394,2025-05-07,135.39059448242188,0.24528645337918353,2025-05-16,143.95001220703125,0.32401368684778026,2025-06-10,30,0.32401368684778026
134126556,2025-04-28 17:09:00+00:00,2025-04-28,2025-04-28,108.72245025634766,0.03312370181083679,0.04391009360551834,0.9453036189079285,0.010786391794681549,Nvidia Stock Falls. This Huawei Breakthrough Won’t Help.,https://finnhub.io/api/news?id=a9c32468dbbe27729cc4e3257d4a0bf01c99610eaf079aff5ab64f14b60b72f3,109.0124282836914,0.0026671402885055924,2025-04-29,111.60224914550781,0.026487619460103383,2025-05-01,117.05187225341797,0.07661179432059394,2025-05-07,135.39059448242188,0.24528645337918353,2025-05-16,143.95001220703125,0.32401368684778026,2025-06-10,30,0.32401368684778026
134126512,2025-04-28 16:54:00+00:00,2025-04-28,2025-04-28,108.72245025634766,0.23963335156440735,0.6060603260993958,0.027512723580002785,0.3664269745349884,"Quantum Computing Stock Can Nearly Double, Says Analyst",https://finnhub.io/api/news?id=0c5140752db335cc57002886a9e681a73373eb063b411d4fd62398420f6a161e,109.0124282836914,0.0026671402885055924,2025-04-29,111.60224914550781,0.026487619460103383,2025-05-01,117.05187225341797,0.07661179432059394,2025-05-07,135.39059448242188,0.24528645337918353,2025-05-16,143.95001220703125,0.32401368684778026,2025-06-10,30,0.32401368684778026
134126536,2025-04-28 16:27:08+00:00,2025-04-28,2025-04-28,108.72245025634766,0.017275195568799973,0.03364855423569679,0.9499781131744385,0.01637335866689682,Nvidia Stock Sinks On China's Growing AI Chip Ambitions,https://finnhub.io/api/news?id=6e5ff7dc396f2a56b4fe168b02adcbed548944906aa279adcdffd9201d71c885,109.0124282836914,0.0026671402885055924,2025-04-29,111.60224914550781,0.026487619460103383,2025-05-01,117.05187225341797,0.07661179432059394,2025-05-07,135.39059448242188,0.24528645337918353,2025-05-16,143.95001220703125,0.32401368684778026,2025-06-10,30,0.32401368684778026
134126453,2025-04-28 16:23:05+00:00,2025-04-28,2025-04-28,108.72245025634766,0.3003588318824768,0.5559956431388855,0.188367560505867,0.2556368112564087,Stock Market Today: Dow Jones Up But Nvidia Falls On New China Threat; Cathie Wood Loads Up On This Stock (Live Coverage),https://finnhub.io/api/news?id=4b78f07bcef4af8df2d5f7eacbfbafc289c157149691d14e1319d1324224b71a,109.0124282836914,0.0026671402885055924,2025-04-29,111.60224914550781,0.026487619460103383,2025-05-01,117.05187225341797,0.07661179432059394,2025-05-07,135.39059448242188,0.24528645337918353,2025-05-16,143.95001220703125,0.32401368684778026,2025-06-10,30,0.32401368684778026
134126558,2025-04-28 16:12:00+00:00,2025-04-28,2025-04-28,108.72245025634766,0.8350597620010376,0.8913237452507019,0.052412211894989014,0.05626398324966431,"These Stocks Moved the Most Today: Tesla, Nvidia, Domino’s, Spirit AeroSystems, IBM, MicroStrategy, and More",https://finnhub.io/api/news?id=af0aae079a31b7d770d6080f8ee964a1e490b170feed80c493f3acc00f5d1208,109.0124282836914,0.0026671402885055924,2025-04-29,111.60224914550781,0.026487619460103383,2025-05-01,117.05187225341797,0.07661179432059394,2025-05-07,135.39059448242188,0.24528645337918353,2025-05-16,143.95001220703125,0.32401368684778026,2025-06-10,30,0.32401368684778026
134114875,2025-04-28 15:03:05+00:00,2025-04-28,2025-04-28,108.72245025634766,-0.7481128498911858,0.07265985757112503,0.10656746476888657,0.8207727074623108,Stock Market Today: Dow Jones Up As Indexes Seek More Gains; Biotech Soars On Key Approval (Live Coverage),https://finnhub.io/api/news?id=fc6ca16334a0325eef77a38e404b9962a0993ce908ff15d6659addfed4293fe2,109.0124282836914,0.0026671402885055924,2025-04-29,111.60224914550781,0.026487619460103383,2025-05-01,117.05187225341797,0.07661179432059394,2025-05-07,135.39059448242188,0.24528645337918353,2025-05-16,143.95001220703125,0.32401368684778026,2025-06-10,30,0.32401368684778026
134114914,2025-04-28 15:00:09+00:00,2025-04-28,2025-04-28,108.72245025634766,0.8572113588452339,0.9141205549240112,0.02897028997540474,0.05690919607877731,Retail traders should consider more conservative investments: Wall Street veteran,https://finnhub.io/api/news?id=28b26a8ec7e1d95318471f9c4b6d04601e04be9627a010b9246c1ffb49b6df6f,109.0124282836914,0.0026671402885055924,2025-04-29,111.60224914550781,0.026487619460103383,2025-05-01,117.05187225341797,0.07661179432059394,2025-05-07,135.39059448242188,0.24528645337918353,2025-05-16,143.95001220703125,0.32401368684778026,2025-06-10,30,0.32401368684778026
134118145,2025-04-28 14:48:06+00:00,2025-04-28,2025-04-28,108.72245025634766,0.5064657777547836,0.7474039196968079,0.01165796723216772,0.24093814194202423,AI And Energy Play Persist In Real Economy,https://finnhub.io/api/news?id=974fe9c802141e7b6ce19e93abd7fbbaf0742ce9833d4f72c8f6c07ff096d26c,109.0124282836914,0.0026671402885055924,2025-04-29,111.60224914550781,0.026487619460103383,2025-05-01,117.05187225341797,0.07661179432059394,2025-05-07,135.39059448242188,0.24528645337918353,2025-05-16,143.95001220703125,0.32401368684778026,2025-06-10,30,0.32401368684778026
134114915,2025-04-28 14:45:00+00:00,2025-04-28,2025-04-28,108.72245025634766,-0.7497498840093613,0.0766686350107193,0.09691295027732849,0.8264185190200806,"These Stocks Are Moving the Most Today: Tesla, Nvidia, Domino’s, Spirit AeroSystems, IBM, Novavax, and More",https://finnhub.io/api/news?id=8d6cc05e660c1d9475824fd5c8f3eb6541f6dde28bac853db381e07c770c62ce,109.0124282836914,0.0026671402885055924,2025-04-29,111.60224914550781,0.026487619460103383,2025-05-01,117.05187225341797,0.07661179432059394,2025-05-07,135.39059448242188,0.24528645337918353,2025-05-16,143.95001220703125,0.32401368684778026,2025-06-10,30,0.32401368684778026
134114879,2025-04-28 14:24:35+00:00,2025-04-28,2025-04-28,108.72245025634766,0.6771805286407471,0.8325067758560181,0.012167020700871944,0.155326247215271,This portfolio mgr. is 'cautiously optimistic' on Mag 7 earnings,https://finnhub.io/api/news?id=0e5af6627c899e646b08f01916c18ccb0febc383d4b579b9072bd9422cdb7750,109.0124282836914,0.0026671402885055924,2025-04-29,111.60224914550781,0.026487619460103383,2025-05-01,117.05187225341797,0.07661179432059394,2025-05-07,135.39059448242188,0.24528645337918353,2025-05-16,143.95001220703125,0.32401368684778026,2025-06-10,30,0.32401368684778026
134114918,2025-04-28 14:06:32+00:00,2025-04-28,2025-04-28,108.72245025634766,0.5208935886621475,0.7562500834465027,0.008393443189561367,0.23535649478435516,Huawei Set to Test New AI Chip to Rival Nvidia: WSJ,https://finnhub.io/api/news?id=2b725438fbdecc26c21d15115c55d3727593c2720e40271f7dfa0322f04409c7,109.0124282836914,0.0026671402885055924,2025-04-29,111.60224914550781,0.026487619460103383,2025-05-01,117.05187225341797,0.07661179432059394,2025-05-07,135.39059448242188,0.24528645337918353,2025-05-16,143.95001220703125,0.32401368684778026,2025-06-10,30,0.32401368684778026
134114919,2025-04-28 14:01:39+00:00,2025-04-28,2025-04-28,108.72245025634766,-0.2477439045906067,0.3715903162956238,0.009075519628822803,0.6193342208862305,Oracle’s OCI deploys thousands of NVIDIA Blackwell GPUs,https://finnhub.io/api/news?id=8f2b5279f367464d1162de31b431f5966fbb4999120a963353845064532723a4,109.0124282836914,0.0026671402885055924,2025-04-29,111.60224914550781,0.026487619460103383,2025-05-01,117.05187225341797,0.07661179432059394,2025-05-07,135.39059448242188,0.24528645337918353,2025-05-16,143.95001220703125,0.32401368684778026,2025-06-10,30,0.32401368684778026
134114920,2025-04-28 13:54:09+00:00,2025-04-28,2025-04-28,108.72245025634766,0.006641596555709839,0.06410655379295349,0.87842857837677,0.05746495723724365,"Nvidia vs Huawei, Domino's Q1 miss, IBM's $150B US investing plan",https://finnhub.io/api/news?id=b9ebc4f77e2d86b6e35debb9c52cb754e257d80d33a4942174c05bebb615e3c5,109.0124282836914,0.0026671402885055924,2025-04-29,111.60224914550781,0.026487619460103383,2025-05-01,117.05187225341797,0.07661179432059394,2025-05-07,135.39059448242188,0.24528645337918353,2025-05-16,143.95001220703125,0.32401368684778026,2025-06-10,30,0.32401368684778026
134114921,2025-04-28 13:51:56+00:00,2025-04-28,2025-04-28,108.72245025634766,0.01348705030977726,0.022645778954029083,0.9681954383850098,0.009158728644251823,Nvidia stock falls as China's Huawei reportedly readies AI chip after Trump's export ban,https://finnhub.io/api/news?id=068dde17988e72c2143a5ef2a1657942c2386a3ae960f4994c5bc765a175dded,109.0124282836914,0.0026671402885055924,2025-04-29,111.60224914550781,0.026487619460103383,2025-05-01,117.05187225341797,0.07661179432059394,2025-05-07,135.39059448242188,0.24528645337918353,2025-05-16,143.95001220703125,0.32401368684778026,2025-06-10,30,0.32401368684778026
134114922,2025-04-28 13:47:18+00:00,2025-04-28,2025-04-28,108.72245025634766,0.8838876485824585,0.9312676191329956,0.021352436393499374,0.04737997055053711,Jim Cramer Says He’s ‘Not Selling’ NVIDIA (NVDA) as Demand in ‘Total Acceleration’,https://finnhub.io/api/news?id=776c964d35f2c8055c550ca9a879bd719896b384627bef84e6b06bb41a9227e8,109.0124282836914,0.0026671402885055924,2025-04-29,111.60224914550781,0.026487619460103383,2025-05-01,117.05187225341797,0.07661179432059394,2025-05-07,135.39059448242188,0.24528645337918353,2025-05-16,143.95001220703125,0.32401368684778026,2025-06-10,30,0.32401368684778026
134114923,2025-04-28 13:33:35+00:00,2025-04-28,2025-04-28,108.72245025634766,-0.6468262821435928,0.17052678763866425,0.012120197527110577,0.8173530697822571,"Stocks to Watch Monday: Domino’s Pizza, Spirit AeroSystems, Nvidia, DoorDash",https://finnhub.io/api/news?id=80dd1b667a729633f2d5b4cf04a8d964f063a264d95680d4f1f575edb19d2083,109.0124282836914,0.0026671402885055924,2025-04-29,111.60224914550781,0.026487619460103383,2025-05-01,117.05187225341797,0.07661179432059394,2025-05-07,135.39059448242188,0.24528645337918353,2025-05-16,143.95001220703125,0.32401368684778026,2025-06-10,30,0.32401368684778026
134114883,2025-04-28 13:31:12+00:00,2025-04-28,2025-04-28,108.72245025634766,-0.14041732996702194,0.053124554455280304,0.753333568572998,0.19354188442230225,"Stock market today: S&P 500, Nasdaq turn lower to start huge week of Big Tech earnings, economic data",https://finnhub.io/api/news?id=073847291cec60a0f25d916795f80a20721643b2b6b032cc33c6525af15f9b98,109.0124282836914,0.0026671402885055924,2025-04-29,111.60224914550781,0.026487619460103383,2025-05-01,117.05187225341797,0.07661179432059394,2025-05-07,135.39059448242188,0.24528645337918353,2025-05-16,143.95001220703125,0.32401368684778026,2025-06-10,30,0.32401368684778026
134126514,2025-04-28 13:14:00+00:00,2025-04-28,2025-04-28,108.72245025634766,0.012796472758054733,0.024651173502206802,0.9634941816329956,0.011854700744152069,"NVIDIA Corp., Amazon.com Inc. share losses lead Dow's 200-point drop",https://finnhub.io/api/news?id=29ca072e9bd5cf36d2a20cefece41db98d3ca62ce5443037294d96b16f593a7c,109.0124282836914,0.0026671402885055924,2025-04-29,111.60224914550781,0.026487619460103383,2025-05-01,117.05187225341797,0.07661179432059394,2025-05-07,135.39059448242188,0.24528645337918353,2025-05-16,143.95001220703125,0.32401368684778026,2025-06-10,30,0.32401368684778026
134126454,2025-04-28 13:04:45+00:00,2025-04-28,2025-04-28,108.72245025634766,0.878511056303978,0.9138181805610657,0.050874676555395126,0.03530712425708771,"S&P 500: Palantir, 2024's Big Winner, Leads Again In 2025. These Giants Are Laggards.",https://finnhub.io/api/news?id=c55a19f9d24cbc074737d8d3cc1b89a446dd1ea6ae768709ebc29fcfb2441afa,109.0124282836914,0.0026671402885055924,2025-04-29,111.60224914550781,0.026487619460103383,2025-05-01,117.05187225341797,0.07661179432059394,2025-05-07,135.39059448242188,0.24528645337918353,2025-05-16,143.95001220703125,0.32401368684778026,2025-06-10,30,0.32401368684778026
134114925,2025-04-28 13:02:52+00:00,2025-04-28,2025-04-28,108.72245025634766,-0.04399014823138714,0.020046086981892586,0.915917694568634,0.06403623521327972,"Nvidia, Visa, Domino's, NXP: Stocks to watch today",https://finnhub.io/api/news?id=964e8a8738940f31fe4862584a3ccbeb8e8ccc8ff19335482ed5c91b754c101d,109.0124282836914,0.0026671402885055924,2025-04-29,111.60224914550781,0.026487619460103383,2025-05-01,117.05187225341797,0.07661179432059394,2025-05-07,135.39059448242188,0.24528645337918353,2025-05-16,143.95001220703125,0.32401368684778026,2025-06-10,30,0.32401368684778026
134114926,2025-04-28 12:45:00+00:00,2025-04-28,2025-04-28,108.72245025634766,0.7793418243527412,0.8729441165924072,0.033453620970249176,0.09360229223966599,"Want to Avoid the ""Magnificent Seven"" and Generate Passive Income? This Vanguard ETF May Be for You",https://finnhub.io/api/news?id=1a6e39c8d8e761fe2c6c05da9354ea7f5424dbb42e1ddfec8b0c78067b4706cc,109.0124282836914,0.0026671402885055924,2025-04-29,111.60224914550781,0.026487619460103383,2025-05-01,117.05187225341797,0.07661179432059394,2025-05-07,135.39059448242188,0.24528645337918353,2025-05-16,143.95001220703125,0.32401368684778026,2025-06-10,30,0.32401368684778026
134114927,2025-04-28 12:16:48+00:00,2025-04-28,2025-04-28,108.72245025634766,0.6269805505871773,0.6830339431762695,0.2609127163887024,0.056053392589092255,NVIDIA Corporation (NVDA): Among Stocks with Consistent Growth to Buy Now,https://finnhub.io/api/news?id=b7c28ce9380bbeb9652191047f3ed11038ef42c5fb9bd45b79f532c08cb0f2a6,109.0124282836914,0.0026671402885055924,2025-04-29,111.60224914550781,0.026487619460103383,2025-05-01,117.05187225341797,0.07661179432059394,2025-05-07,135.39059448242188,0.24528645337918353,2025-05-16,143.95001220703125,0.32401368684778026,2025-06-10,30,0.32401368684778026
134126515,2025-04-28 12:03:00+00:00,2025-04-28,2025-04-28,108.72245025634766,0.014948218129575253,0.029260622337460518,0.9564269781112671,0.014312404207885265,"NVIDIA Corp., Amazon.com Inc. share losses contribute to Dow's 100-point drop",https://finnhub.io/api/news?id=a766cc87ccffa2c9f02f8147d18314aab1a99dbe0e4758d0395ea4a5a25e589c,109.0124282836914,0.0026671402885055924,2025-04-29,111.60224914550781,0.026487619460103383,2025-05-01,117.05187225341797,0.07661179432059394,2025-05-07,135.39059448242188,0.24528645337918353,2025-05-16,143.95001220703125,0.32401368684778026,2025-06-10,30,0.32401368684778026
134114928,2025-04-28 11:37:20+00:00,2025-04-28,2025-04-28,108.72245025634766,0.020151078701019287,0.5042895674705505,0.011571962386369705,0.48413848876953125,This Week In AI Chips - Global AI Industry Leaders Unite for Innovative Growth at Summit,https://finnhub.io/api/news?id=41c926ce8aa2603f79fae9b4355587dae3d59e5267d1ae912b76b60f5f1f69f4,109.0124282836914,0.0026671402885055924,2025-04-29,111.60224914550781,0.026487619460103383,2025-05-01,117.05187225341797,0.07661179432059394,2025-05-07,135.39059448242188,0.24528645337918353,2025-05-16,143.95001220703125,0.32401368684778026,2025-06-10,30,0.32401368684778026
134115271,2025-04-28 11:04:14+00:00,2025-04-28,2025-04-28,108.72245025634766,-0.6559552401304245,0.1658468395471573,0.012351124547421932,0.8218020796775818,Palantir Q1 Earnings Preview: Nothing Stops The AI Train,https://finnhub.io/api/news?id=7ca361e132321b32596f13559f23578d62f9ac054485d549421b4fd96705c533,109.0124282836914,0.0026671402885055924,2025-04-29,111.60224914550781,0.026487619460103383,2025-05-01,117.05187225341797,0.07661179432059394,2025-05-07,135.39059448242188,0.24528645337918353,2025-05-16,143.95001220703125,0.32401368684778026,2025-06-10,30,0.32401368684778026
134114929,2025-04-28 11:00:00+00:00,2025-04-28,2025-04-28,108.72245025634766,0.000949593260884285,0.01663835160434246,0.9676730036735535,0.015688758343458176,1 Artificial Intelligence (AI) Powerhouse That Could Crush Earnings Expectations Next Month,https://finnhub.io/api/news?id=c646383d5de4042d4e259e5ba2e9ccd5fefc02deefb201e1fc50be7bc444f797,109.0124282836914,0.0026671402885055924,2025-04-29,111.60224914550781,0.026487619460103383,2025-05-01,117.05187225341797,0.07661179432059394,2025-05-07,135.39059448242188,0.24528645337918353,2025-05-16,143.95001220703125,0.32401368684778026,2025-06-10,30,0.32401368684778026
134114698,2025-04-28 10:45:55+00:00,2025-04-28,2025-04-28,108.72245025634766,0.9105523452162743,0.9357147812843323,0.03912276029586792,0.025162436068058014,"Microsoft: What To Consider, Ahead Of The Q2-25 Earnings Event",https://finnhub.io/api/news?id=5da848f456ba2a93c6a81a25b899bd1d43af01ae74765881f3546d710a882a70,109.0124282836914,0.0026671402885055924,2025-04-29,111.60224914550781,0.026487619460103383,2025-05-01,117.05187225341797,0.07661179432059394,2025-05-07,135.39059448242188,0.24528645337918353,2025-05-16,143.95001220703125,0.32401368684778026,2025-06-10,30,0.32401368684778026
134114930,2025-04-28 10:39:00+00:00,2025-04-28,2025-04-28,108.72245025634766,0.8795246854424477,0.9306467771530151,0.018231136724352837,0.051122091710567474,Where Will SoundHound AI Be in 1 Year?,https://finnhub.io/api/news?id=6a91045fda5c15a571b4cfa9e655e5fb99a2e93edb0b007110db36e57a72ba5d,109.0124282836914,0.0026671402885055924,2025-04-29,111.60224914550781,0.026487619460103383,2025-05-01,117.05187225341797,0.07661179432059394,2025-05-07,135.39059448242188,0.24528645337918353,2025-05-16,143.95001220703125,0.32401368684778026,2025-06-10,30,0.32401368684778026
134114533,2025-04-28 10:23:29+00:00,2025-04-28,2025-04-28,108.72245025634766,-0.15137402713298798,0.21357177197933197,0.4214824438095093,0.36494579911231995,"Huawei, Nvidia's Chinese nightmare",https://finnhub.io/api/news?id=4598f82eb485d55a1d7eef84bffbb6b6377741b61e871c09ed4a5c2433cebddc,109.0124282836914,0.0026671402885055924,2025-04-29,111.60224914550781,0.026487619460103383,2025-05-01,117.05187225341797,0.07661179432059394,2025-05-07,135.39059448242188,0.24528645337918353,2025-05-16,143.95001220703125,0.32401368684778026,2025-06-10,30,0.32401368684778026
134114536,2025-04-28 10:08:45+00:00,2025-04-28,2025-04-28,108.72245025634766,0.029302775859832764,0.5053858757019043,0.018531013280153275,0.47608309984207153,Tariffs Won't Stop The AI Revolution,https://finnhub.io/api/news?id=89a356026d1621f51b7153fbcb95cb98b91c6612cc9ab08e5294e294ec7265a2,109.0124282836914,0.0026671402885055924,2025-04-29,111.60224914550781,0.026487619460103383,2025-05-01,117.05187225341797,0.07661179432059394,2025-05-07,135.39059448242188,0.24528645337918353,2025-05-16,143.95001220703125,0.32401368684778026,2025-06-10,30,0.32401368684778026
134126561,2025-04-28 10:00:00+00:00,2025-04-28,2025-04-28,108.72245025634766,0.011128461919724941,0.026199109852313995,0.958730161190033,0.015070647932589054,"Most large cryptocurrencies decrease on Dogecoin, Avalanche drops",https://finnhub.io/api/news?id=55bfe71b415f03ea62a050d4a64c4ea6be7b410f8e3e1a1e19faccc6dd61688c,109.0124282836914,0.0026671402885055924,2025-04-29,111.60224914550781,0.026487619460103383,2025-05-01,117.05187225341797,0.07661179432059394,2025-05-07,135.39059448242188,0.24528645337918353,2025-05-16,143.95001220703125,0.32401368684778026,2025-06-10,30,0.32401368684778026
134126455,2025-04-28 09:52:41+00:00,2025-04-28,2025-04-28,108.72245025634766,-0.8499032035470009,0.046952687203884125,0.056191377341747284,0.896855890750885,Dow Jones Rises As Nvidia Slides On New China AI Chip; Tesla Extends Rally,https://finnhub.io/api/news?id=b18483a8fcdf8be8cf07de6eaffaf7c942d77d6443d7618a686efbea73bd0a00,109.0124282836914,0.0026671402885055924,2025-04-29,111.60224914550781,0.026487619460103383,2025-05-01,117.05187225341797,0.07661179432059394,2025-05-07,135.39059448242188,0.24528645337918353,2025-05-16,143.95001220703125,0.32401368684778026,2025-06-10,30,0.32401368684778026
134114337,2025-04-28 09:30:00+00:00,2025-04-28,2025-04-28,108.72245025634766,0.1623762845993042,0.5655789971351624,0.031218305230140686,0.40320271253585815,CGGR: The ETF If You Can't Stomach Volatility But Still Want Tech Exposure,https://finnhub.io/api/news?id=66d39f07d50bc31ebae5ad1d5c432dac638550a9001370c38a4a6560ecb70a2c,109.0124282836914,0.0026671402885055924,2025-04-29,111.60224914550781,0.026487619460103383,2025-05-01,117.05187225341797,0.07661179432059394,2025-05-07,135.39059448242188,0.24528645337918353,2025-05-16,143.95001220703125,0.32401368684778026,2025-06-10,30,0.32401368684778026
134114164,2025-04-28 08:00:00+00:00,2025-04-28,2025-04-28,108.72245025634766,0.9244296979159117,0.9519245028495789,0.020580735057592392,0.027494804933667183,O'Keefe Stevens Advisory Q1 2025 Investor Letter,https://finnhub.io/api/news?id=a61f441e8a29308030162537f882c922dfdb8cf63a18242263636373ff53667e,109.0124282836914,0.0026671402885055924,2025-04-29,111.60224914550781,0.026487619460103383,2025-05-01,117.05187225341797,0.07661179432059394,2025-05-07,135.39059448242188,0.24528645337918353,2025-05-16,143.95001220703125,0.32401368684778026,2025-06-10,30,0.32401368684778026
134113376,2025-04-28 07:30:00+00:00,2025-04-28,2025-04-28,108.72245025634766,0.5073789656162262,0.7192664742469788,0.06884600222110748,0.21188750863075256,The Market May Be About To Get Turned Upside Down,https://finnhub.io/api/news?id=e9623ed64cb59af2bc6e6996fd5a3e7c0b99b744a110dd5af3d0ebf5f19e7f10,109.0124282836914,0.0026671402885055924,2025-04-29,111.60224914550781,0.026487619460103383,2025-05-01,117.05187225341797,0.07661179432059394,2025-05-07,135.39059448242188,0.24528645337918353,2025-05-16,143.95001220703125,0.32401368684778026,2025-06-10,30,0.32401368684778026
134113378,2025-04-28 07:29:00+00:00,2025-04-28,2025-04-28,108.72245025634766,0.7441710755228996,0.8668725490570068,0.010425928980112076,0.12270147353410721,Templeton Growth Fund Q1 2025 Commentary,https://finnhub.io/api/news?id=cf0251472310e1f8cadd85967ac61a7e883bc26349a0ab961ccc682af4056170,109.0124282836914,0.0026671402885055924,2025-04-29,111.60224914550781,0.026487619460103383,2025-05-01,117.05187225341797,0.07661179432059394,2025-05-07,135.39059448242188,0.24528645337918353,2025-05-16,143.95001220703125,0.32401368684778026,2025-06-10,30,0.32401368684778026
134113095,2025-04-28 06:47:46+00:00,2025-04-28,2025-04-28,108.72245025634766,0.6528308242559433,0.8187310099601746,0.015368849039077759,0.16590018570423126,Wall Street Breakfast Podcast: Huawei Preps AI Chip To Challenge Nvidia: Report,https://finnhub.io/api/news?id=a55df481178f519626797c82fe75f844da7e0389502062ff8a3ac6b7e9c80e29,109.0124282836914,0.0026671402885055924,2025-04-29,111.60224914550781,0.026487619460103383,2025-05-01,117.05187225341797,0.07661179432059394,2025-05-07,135.39059448242188,0.24528645337918353,2025-05-16,143.95001220703125,0.32401368684778026,2025-06-10,30,0.32401368684778026
134112429,2025-04-28 05:03:34+00:00,2025-04-28,2025-04-28,108.72245025634766,0.685183510184288,0.776875376701355,0.13143277168273926,0.09169186651706696,Nvidia's Price Falling To Reasonable Levels,https://finnhub.io/api/news?id=03a219443845eb8f622d5c6a5651e054732eee4b4631bb0ff741a9d74f128255,109.0124282836914,0.0026671402885055924,2025-04-29,111.60224914550781,0.026487619460103383,2025-05-01,117.05187225341797,0.07661179432059394,2025-05-07,135.39059448242188,0.24528645337918353,2025-05-16,143.95001220703125,0.32401368684778026,2025-06-10,30,0.32401368684778026
134126541,2025-04-28 03:40:00+00:00,2025-04-28,2025-04-28,108.72245025634766,-0.17545652389526367,0.4072722792625427,0.009998863562941551,0.5827288031578064,"China’s Huawei Develops New AI Chip, Seeking to Match Nvidia",https://finnhub.io/api/news?id=f5cf7c8573bc19df8a907ca0bcd84a701d1e49915594e702d79aa446f9a90259,109.0124282836914,0.0026671402885055924,2025-04-29,111.60224914550781,0.026487619460103383,2025-05-01,117.05187225341797,0.07661179432059394,2025-05-07,135.39059448242188,0.24528645337918353,2025-05-16,143.95001220703125,0.32401368684778026,2025-06-10,30,0.32401368684778026
134110917,2025-04-28 01:01:02+00:00,2025-04-28,2025-04-28,108.72245025634766,0.01405289676040411,0.024348624050617218,0.9653556942939758,0.010295727290213108,Intel: It Could Get Worse Before It Gets Better,https://finnhub.io/api/news?id=a257b3c17dcee73a3f76eab8bb32ae3861b15530143e9cf4d1195d387b1a4f96,109.0124282836914,0.0026671402885055924,2025-04-29,111.60224914550781,0.026487619460103383,2025-05-01,117.05187225341797,0.07661179432059394,2025-05-07,135.39059448242188,0.24528645337918353,2025-05-16,143.95001220703125,0.32401368684778026,2025-06-10,30,0.32401368684778026
134110394,2025-04-27 23:02:00+00:00,2025-04-27,2025-04-28,108.72245025634766,0.01063830079510808,0.01830885373055935,0.9740205407142639,0.007670552935451269,ClearBridge Large Cap Growth Fund Q1 2025 Commentary,https://finnhub.io/api/news?id=c5382aa45a906d8a8f0fd4f09e661c99fde4fdc5a873e332a6b84cee15c72c09,109.0124282836914,0.0026671402885055924,2025-04-29,111.60224914550781,0.026487619460103383,2025-05-01,117.05187225341797,0.07661179432059394,2025-05-07,135.39059448242188,0.24528645337918353,2025-05-16,143.95001220703125,0.32401368684778026,2025-06-10,30,0.32401368684778026
134110329,2025-04-27 22:42:17+00:00,2025-04-27,2025-04-28,108.72245025634766,0.17541949450969696,0.21748535335063934,0.7404487729072571,0.04206585884094238,Hewlett Packard: Why It's Too Unstable To Buy Right Now,https://finnhub.io/api/news?id=c1e88017f18d5d092967a50de6770d5a8652988b3a8b7425e330c87b1d5ded5d,109.0124282836914,0.0026671402885055924,2025-04-29,111.60224914550781,0.026487619460103383,2025-05-01,117.05187225341797,0.07661179432059394,2025-05-07,135.39059448242188,0.24528645337918353,2025-05-16,143.95001220703125,0.32401368684778026,2025-06-10,30,0.32401368684778026
134109884,2025-04-27 21:02:00+00:00,2025-04-27,2025-04-28,108.72245025634766,0.0165326832793653,0.023444948717951775,0.969642698764801,0.0069122654385864735,The Boyar Value Group's Q1 2025 Letter,https://finnhub.io/api/news?id=272eff22fe9eb94697e1b5b1a7e674532401f62c4debe59d7c9154782f6efcc2,109.0124282836914,0.0026671402885055924,2025-04-29,111.60224914550781,0.026487619460103383,2025-05-01,117.05187225341797,0.07661179432059394,2025-05-07,135.39059448242188,0.24528645337918353,2025-05-16,143.95001220703125,0.32401368684778026,2025-06-10,30,0.32401368684778026
134109642,2025-04-27 20:00:00+00:00,2025-04-27,2025-04-28,108.72245025634766,0.4784713387489319,0.7298585176467896,0.018754271790385246,0.25138717889785767,Nvidia: False Narrative,https://finnhub.io/api/news?id=f656c979c0a7d19730083090c9efaa802c23d1e84c8e5bfae4f6107242a2d09e,109.0124282836914,0.0026671402885055924,2025-04-29,111.60224914550781,0.026487619460103383,2025-05-01,117.05187225341797,0.07661179432059394,2025-05-07,135.39059448242188,0.24528645337918353,2025-05-16,143.95001220703125,0.32401368684778026,2025-06-10,30,0.32401368684778026
134107451,2025-04-27 12:00:00+00:00,2025-04-27,2025-04-28,108.72245025634766,0.43277962505817413,0.6733998656272888,0.08597990870475769,0.24062024056911469,"The More It Underperforms, The More I Buy",https://finnhub.io/api/news?id=cb6af0257ac1ad292083025b768003db48faea5fc7b5c87e2a16e7052a85adac,109.0124282836914,0.0026671402885055924,2025-04-29,111.60224914550781,0.026487619460103383,2025-05-01,117.05187225341797,0.07661179432059394,2025-05-07,135.39059448242188,0.24528645337918353,2025-05-16,143.95001220703125,0.32401368684778026,2025-06-10,30,0.32401368684778026
134106593,2025-04-27 09:00:00+00:00,2025-04-27,2025-04-28,108.72245025634766,0.5747889876365662,0.77218097448349,0.030427072197198868,0.19739198684692383,Intel: Is Hope Enough? I Wouldn't Bet On It (Upgrade To Hold),https://finnhub.io/api/news?id=9c03a735179a47abd48e2766335fe033df1bdaf8ddf6011336f175ebf11c3385,109.0124282836914,0.0026671402885055924,2025-04-29,111.60224914550781,0.026487619460103383,2025-05-01,117.05187225341797,0.07661179432059394,2025-05-07,135.39059448242188,0.24528645337918353,2025-05-16,143.95001220703125,0.32401368684778026,2025-06-10,30,0.32401368684778026
134104351,2025-04-27 07:45:00+00:00,2025-04-27,2025-04-28,108.72245025634766,0.6071907132863998,0.7990405559539795,0.009109651669859886,0.19184984266757965,"2 Artificial Intelligence Stocks to Buy With $2,000",https://finnhub.io/api/news?id=9e20aa4b7ffdef47ce24e9db33efe568ba0cec253265195eddea446896c75075,109.0124282836914,0.0026671402885055924,2025-04-29,111.60224914550781,0.026487619460103383,2025-05-01,117.05187225341797,0.07661179432059394,2025-05-07,135.39059448242188,0.24528645337918353,2025-05-16,143.95001220703125,0.32401368684778026,2025-06-10,30,0.32401368684778026
134104318,2025-04-27 01:00:00+00:00,2025-04-27,2025-04-28,108.72245025634766,0.020248676650226116,0.029024505987763405,0.9621996879577637,0.008775829337537289,A Reckoning for the Magnificent Seven Tests the Market,https://finnhub.io/api/news?id=8d2a75cb2544fa9ad08338906a498e786f8fbbab447a7737e07d77832fcd4484,109.0124282836914,0.0026671402885055924,2025-04-29,111.60224914550781,0.026487619460103383,2025-05-01,117.05187225341797,0.07661179432059394,2025-05-07,135.39059448242188,0.24528645337918353,2025-05-16,143.95001220703125,0.32401368684778026,2025-06-10,30,0.32401368684778026
134104353,2025-04-26 18:25:00+00:00,2025-04-26,2025-04-28,108.72245025634766,-0.6402031034231186,0.1693611890077591,0.021074583753943443,0.8095642924308777,1 No-Brainer AI Stock Down 27% to Buy the Dip on Right Now (Hint: It's Not Nvidia),https://finnhub.io/api/news?id=83a2de75833f26bbbb93cdc4f9f7d7f143240e3e7fd3c7f0cf04e987727d3e37,109.0124282836914,0.0026671402885055924,2025-04-29,111.60224914550781,0.026487619460103383,2025-05-01,117.05187225341797,0.07661179432059394,2025-05-07,135.39059448242188,0.24528645337918353,2025-05-16,143.95001220703125,0.32401368684778026,2025-06-10,30,0.32401368684778026
134104354,2025-04-26 14:29:45+00:00,2025-04-26,2025-04-28,108.72245025634766,0.815230518579483,0.8905021548271179,0.034226227551698685,0.07527163624763489,Analyst on NVIDIA (NVDA): ‘Everyone Is Confirming Demand is Crazy’,https://finnhub.io/api/news?id=b173d2cadab47a9e7533b8eb3245e3e3cd9af2109e00f203399a1482c7822219,109.0124282836914,0.0026671402885055924,2025-04-29,111.60224914550781,0.026487619460103383,2025-05-01,117.05187225341797,0.07661179432059394,2025-05-07,135.39059448242188,0.24528645337918353,2025-05-16,143.95001220703125,0.32401368684778026,2025-06-10,30,0.32401368684778026
134104355,2025-04-26 14:22:45+00:00,2025-04-26,2025-04-28,108.72245025634766,0.8781655393540859,0.9240345358848572,0.030096465721726418,0.045868996530771255,NVIDIA Corporation (NVDA) Maintains AI Leadership Amid Export Headwinds and GB200 Launch,https://finnhub.io/api/news?id=a7ad8761243b8c95ba51b7293b35c580795c26b8f52b058d3986c4ae74479cbd,109.0124282836914,0.0026671402885055924,2025-04-29,111.60224914550781,0.026487619460103383,2025-05-01,117.05187225341797,0.07661179432059394,2025-05-07,135.39059448242188,0.24528645337918353,2025-05-16,143.95001220703125,0.32401368684778026,2025-06-10,30,0.32401368684778026
134104338,2025-04-26 13:45:00+00:00,2025-04-26,2025-04-28,108.72245025634766,0.012055017054080963,0.04163196682929993,0.9287911057472229,0.029576949775218964,"Contrarian Opinion: Tariffs, Inflation, and Recession Fears Could Be a Tailwind for This Retail Stock and Propel It to a $1 Trillion Valuation",https://finnhub.io/api/news?id=6f1a92cd75bcdb4148874024e11b0db76693e5b49b84090a58cebf4a2b5818cc,109.0124282836914,0.0026671402885055924,2025-04-29,111.60224914550781,0.026487619460103383,2025-05-01,117.05187225341797,0.07661179432059394,2025-05-07,135.39059448242188,0.24528645337918353,2025-05-16,143.95001220703125,0.32401368684778026,2025-06-10,30,0.32401368684778026
134104357,2025-04-26 13:15:00+00:00,2025-04-26,2025-04-28,108.72245025634766,-0.8657739162445068,0.060481905937194824,0.0132621880620718,0.9262558221817017,Better Artificial Intelligence Stock: Rigetti Computing vs. Nvidia,https://finnhub.io/api/news?id=d461b22c4e39cdfd611b9d4f2b9603e7f3b9a0a489bfe9c9e688ebe27c13530a,109.0124282836914,0.0026671402885055924,2025-04-29,111.60224914550781,0.026487619460103383,2025-05-01,117.05187225341797,0.07661179432059394,2025-05-07,135.39059448242188,0.24528645337918353,2025-05-16,143.95001220703125,0.32401368684778026,2025-06-10,30,0.32401368684778026
134104358,2025-04-26 13:00:00+00:00,2025-04-26,2025-04-28,108.72245025634766,0.007613996975123882,0.016605820506811142,0.9744024276733398,0.00899182353168726,"Nvidia stock slides, Apple gets a warning, and Tesla short-sellers cash in: Markets news roundup",https://finnhub.io/api/news?id=96c9f1644e9f9a0de3fda7899c66e579d423ba99b270c778a074c86e8ca605dc,109.0124282836914,0.0026671402885055924,2025-04-29,111.60224914550781,0.026487619460103383,2025-05-01,117.05187225341797,0.07661179432059394,2025-05-07,135.39059448242188,0.24528645337918353,2025-05-16,143.95001220703125,0.32401368684778026,2025-06-10,30,0.32401368684778026
134104359,2025-04-26 12:25:00+00:00,2025-04-26,2025-04-28,108.72245025634766,0.8464931845664978,0.8842685222625732,0.0779561996459961,0.03777533769607544,2 Cheap Tech Stocks to Buy Right Now,https://finnhub.io/api/news?id=f03a8c4bb2db6473434a5d99b4e9a0a905e798aebd7e03296af0f11e3d77e218,109.0124282836914,0.0026671402885055924,2025-04-29,111.60224914550781,0.026487619460103383,2025-05-01,117.05187225341797,0.07661179432059394,2025-05-07,135.39059448242188,0.24528645337918353,2025-05-16,143.95001220703125,0.32401368684778026,2025-06-10,30,0.32401368684778026
134104360,2025-04-26 12:13:45+00:00,2025-04-26,2025-04-28,108.72245025634766,0.7775535359978676,0.8813323974609375,0.014888712204992771,0.10377886146306992,Is NVIDIA Corporation (NVDA) the Most Promising Stock According to Analysts?,https://finnhub.io/api/news?id=3e11a25efa849e28257072785960c1a13ad25c9029e1c79c0350f7083d6ba5b7,109.0124282836914,0.0026671402885055924,2025-04-29,111.60224914550781,0.026487619460103383,2025-05-01,117.05187225341797,0.07661179432059394,2025-05-07,135.39059448242188,0.24528645337918353,2025-05-16,143.95001220703125,0.32401368684778026,2025-06-10,30,0.32401368684778026
134104361,2025-04-26 11:00:00+00:00,2025-04-26,2025-04-28,108.72245025634766,0.6431446969509125,0.7187958359718323,0.2055530548095703,0.0756511390209198,Nvidia Is Nearly Cheaper Than the S&P 500 Using This 1 Important Metric. Is It Time to Buy?,https://finnhub.io/api/news?id=ec51f33e9b5407685febd7ad264b31628ecd88cb60cff66690e1fa60ce11b012,109.0124282836914,0.0026671402885055924,2025-04-29,111.60224914550781,0.026487619460103383,2025-05-01,117.05187225341797,0.07661179432059394,2025-05-07,135.39059448242188,0.24528645337918353,2025-05-16,143.95001220703125,0.32401368684778026,2025-06-10,30,0.32401368684778026
134104340,2025-04-26 09:07:00+00:00,2025-04-26,2025-04-28,108.72245025634766,0.8928873464465141,0.9241228699684143,0.04464161396026611,0.031235523521900177,"Members of Congress Are Buying This Beaten-Down ""Magnificent Seven"" Stock (Hint: It's Not Nvidia or Tesla)",https://finnhub.io/api/news?id=ce8c2ce462534c03fa5e2873b46e3a080363277367ad85feeeb604afa04e3760,109.0124282836914,0.0026671402885055924,2025-04-29,111.60224914550781,0.026487619460103383,2025-05-01,117.05187225341797,0.07661179432059394,2025-05-07,135.39059448242188,0.24528645337918353,2025-05-16,143.95001220703125,0.32401368684778026,2025-06-10,30,0.32401368684778026
134126521,2025-04-26 09:00:00+00:00,2025-04-26,2025-04-28,108.72245025634766,0.8369786739349365,0.8964682817459106,0.04404211416840553,0.05948960781097412,It’s time to buy tech stocks: 4 ways to find winners while the market is down,https://finnhub.io/api/news?id=f61969f5cf929d6306b5b2e8c7b3009aef80fbd7d31405ca1968b7fcbbdb5442,109.0124282836914,0.0026671402885055924,2025-04-29,111.60224914550781,0.026487619460103383,2025-05-01,117.05187225341797,0.07661179432059394,2025-05-07,135.39059448242188,0.24528645337918353,2025-05-16,143.95001220703125,0.32401368684778026,2025-06-10,30,0.32401368684778026
134104341,2025-04-26 09:00:00+00:00,2025-04-26,2025-04-28,108.72245025634766,-0.8755005970597267,0.053202591836452484,0.01809423789381981,0.9287031888961792,"Better Buy Now: Gold at $3,500 or an S&P 500 Index Fund?",https://finnhub.io/api/news?id=65beea020879a79d18e970a9efd34bbe46f5b779c56b63b8396b3b48bf11b807,109.0124282836914,0.0026671402885055924,2025-04-29,111.60224914550781,0.026487619460103383,2025-05-01,117.05187225341797,0.07661179432059394,2025-05-07,135.39059448242188,0.24528645337918353,2025-05-16,143.95001220703125,0.32401368684778026,2025-06-10,30,0.32401368684778026
134104364,2025-04-26 08:18:00+00:00,2025-04-26,2025-04-28,108.72245025634766,0.03962337039411068,0.04913264885544777,0.9413580298423767,0.00950927846133709,Is Nvidia an Undervalued Growth Stock or a Falling Knife?,https://finnhub.io/api/news?id=8288518d781ca01bdafb5c7b0427571824c1fe5cc8f068cda76d5c54f6618c68,109.0124282836914,0.0026671402885055924,2025-04-29,111.60224914550781,0.026487619460103383,2025-05-01,117.05187225341797,0.07661179432059394,2025-05-07,135.39059448242188,0.24528645337918353,2025-05-16,143.95001220703125,0.32401368684778026,2025-06-10,30,0.32401368684778026
134099430,2025-04-26 08:00:00+00:00,2025-04-26,2025-04-28,108.72245025634766,0.5648461431264877,0.7767767906188965,0.011292532086372375,0.21193064749240875,5 Best CEFs This Month For Yields Up To 15% (April 2025),https://finnhub.io/api/news?id=92f6fde472f0f7d1aad43f00c3e261e9356d999b83967de91340ac47aa791c2d,109.0124282836914,0.0026671402885055924,2025-04-29,111.60224914550781,0.026487619460103383,2025-05-01,117.05187225341797,0.07661179432059394,2025-05-07,135.39059448242188,0.24528645337918353,2025-05-16,143.95001220703125,0.32401368684778026,2025-06-10,30,0.32401368684778026
134104365,2025-04-26 04:28:23+00:00,2025-04-26,2025-04-28,108.72245025634766,0.8644550181925297,0.9216980338096619,0.02105896919965744,0.05724301561713219,NVIDIA Corporation (NVDA): Among Billionaire Steve Cohen’s Large-Cap Stock Picks With Huge Upside Potential,https://finnhub.io/api/news?id=df22ef6639f421204c067a59cea40eb373002b77f97b24328702bc70f644fa00,109.0124282836914,0.0026671402885055924,2025-04-29,111.60224914550781,0.026487619460103383,2025-05-01,117.05187225341797,0.07661179432059394,2025-05-07,135.39059448242188,0.24528645337918353,2025-05-16,143.95001220703125,0.32401368684778026,2025-06-10,30,0.32401368684778026
134104366,2025-04-25 21:00:00+00:00,2025-04-25,2025-04-25,111.0022964477539,0.010655531659722328,0.0183675829321146,0.9739204049110413,0.007712051272392273,Could Nvidia's Sales Drop 30% due to a Trade War Between the U.S. and China?,https://finnhub.io/api/news?id=ddbad1ef1f1de9a8cb84c9de5706eb63d02d85c2858029a68d81026d099f69d1,108.72245025634766,-0.020538729957531268,2025-04-28,108.91243743896484,-0.018827169127736996,2025-04-30,113.53211975097656,0.0227907294189484,2025-05-06,134.8206329345703,0.2145751687040738,2025-05-15,142.62010192871094,0.2848392014649784,2025-06-09,30,0.2848392014649784
134104367,2025-04-25 20:34:34+00:00,2025-04-25,2025-04-25,111.0022964477539,-0.4435427486896515,0.2623191773891449,0.03181884437799454,0.7058619260787964,Is NVIDIA Corporation (NVDA) the Best Stock to Invest in for Long Term?,https://finnhub.io/api/news?id=5afbb72888837aff8053834034cf755adc5f31d7c2933417ef5ddca443ff492e,108.72245025634766,-0.020538729957531268,2025-04-28,108.91243743896484,-0.018827169127736996,2025-04-30,113.53211975097656,0.0227907294189484,2025-05-06,134.8206329345703,0.2145751687040738,2025-05-15,142.62010192871094,0.2848392014649784,2025-06-09,30,0.2848392014649784
134104331,2025-04-25 20:32:42+00:00,2025-04-25,2025-04-25,111.0022964477539,-0.870502021163702,0.034398529678583145,0.06070098280906677,0.9049005508422852,"Stock Market Today: Nasdaq Jumps, Dow Jones Flat To End A Big Week; Apple Makes Huge Plan Amid Trump Tariff Threat (Live Coverage)",https://finnhub.io/api/news?id=de632ba0b1a328a8b2ee7361a74b94db9762414ac644d8544f002c6c4bb47d15,108.72245025634766,-0.020538729957531268,2025-04-28,108.91243743896484,-0.018827169127736996,2025-04-30,113.53211975097656,0.0227907294189484,2025-05-06,134.8206329345703,0.2145751687040738,2025-05-15,142.62010192871094,0.2848392014649784,2025-06-09,30,0.2848392014649784
134126481,2025-04-25 20:00:00+00:00,2025-04-25,2025-04-25,111.0022964477539,0.17825955152511597,0.5813840627670288,0.015491380356252193,0.40312451124191284,"Pope Francis Modernized the Vatican’s Investment Program, With Some Caveats",https://finnhub.io/api/news?id=6878dd29b7579adb0bff94026392dee3d2a5be1f4de3d1a3f76284f9af1a1883,108.72245025634766,-0.020538729957531268,2025-04-28,108.91243743896484,-0.018827169127736996,2025-04-30,113.53211975097656,0.0227907294189484,2025-05-06,134.8206329345703,0.2145751687040738,2025-05-15,142.62010192871094,0.2848392014649784,2025-06-09,30,0.2848392014649784
134104369,2025-04-25 19:43:18+00:00,2025-04-25,2025-04-25,111.0022964477539,-0.04250509664416313,0.012883484363555908,0.9317278861999512,0.05538858100771904,Nvidia Stock Jumped Another 5% Today. Does It Have More Room to Run?,https://finnhub.io/api/news?id=5f45b608a90814e10faf875b446ee808c36c6bd546f40f8a8d0fee21c6660931,108.72245025634766,-0.020538729957531268,2025-04-28,108.91243743896484,-0.018827169127736996,2025-04-30,113.53211975097656,0.0227907294189484,2025-05-06,134.8206329345703,0.2145751687040738,2025-05-15,142.62010192871094,0.2848392014649784,2025-06-09,30,0.2848392014649784
134104370,2025-04-25 19:03:55+00:00,2025-04-25,2025-04-25,111.0022964477539,0.4358134940266609,0.4720723628997803,0.4916687309741974,0.036258868873119354,"Why a Cautious, Longtime Investor Is Rather Bullish on NVDA",https://finnhub.io/api/news?id=c1f622004a02067f3b19e9c82fe3d234ad84e13da9bfc422e432f58493f5bc35,108.72245025634766,-0.020538729957531268,2025-04-28,108.91243743896484,-0.018827169127736996,2025-04-30,113.53211975097656,0.0227907294189484,2025-05-06,134.8206329345703,0.2145751687040738,2025-05-15,142.62010192871094,0.2848392014649784,2025-06-09,30,0.2848392014649784
134087342,2025-04-25 14:45:42+00:00,2025-04-25,2025-04-25,111.0022964477539,-0.05605429783463478,0.017708059400320053,0.9085295796394348,0.07376235723495483,Stock Market Today: Dow Jones Dips With Trump Tariff Headlines In Focus; Google Spikes On Earnings,https://finnhub.io/api/news?id=2534f57b8ed734f1fff09a4299ce2ed95ae129351dafd81cbd4bd17ed22ca10c,108.72245025634766,-0.020538729957531268,2025-04-28,108.91243743896484,-0.018827169127736996,2025-04-30,113.53211975097656,0.0227907294189484,2025-05-06,134.8206329345703,0.2145751687040738,2025-05-15,142.62010192871094,0.2848392014649784,2025-06-09,30,0.2848392014649784
134094718,2025-04-25 17:26:15+00:00,2025-04-25,2025-04-25,111.0022964477539,-0.9138023778796196,0.03689891844987869,0.012399801053106785,0.9507012963294983,Construction Stock Argan Builds New Base; Nears Entry As Profits Surge 196%,https://finnhub.io/api/news?id=c9cb615dbd0f58aa41ed8e370f6d421a33a3cf6f466c4f55fd5d1eb20b9182c1,108.72245025634766,-0.020538729957531268,2025-04-28,108.91243743896484,-0.018827169127736996,2025-04-30,113.53211975097656,0.0227907294189484,2025-05-06,134.8206329345703,0.2145751687040738,2025-05-15,142.62010192871094,0.2848392014649784,2025-06-09,30,0.2848392014649784
134094719,2025-04-25 16:30:50+00:00,2025-04-25,2025-04-25,111.0022964477539,-0.9223691839724779,0.029470203444361687,0.018690448254346848,0.9518393874168396,"If You Invested $10K In Nvidia Stock 10 Years Ago, How Much Would You Have Now?",https://finnhub.io/api/news?id=14ceb5c395af3e3ce812c29c465aea32825eb4922c3b44ed7197ad53a5ee35ad,108.72245025634766,-0.020538729957531268,2025-04-28,108.91243743896484,-0.018827169127736996,2025-04-30,113.53211975097656,0.0227907294189484,2025-05-06,134.8206329345703,0.2145751687040738,2025-05-15,142.62010192871094,0.2848392014649784,2025-06-09,30,0.2848392014649784
134095646,2025-04-25 16:08:25+00:00,2025-04-25,2025-04-25,111.0022964477539,0.06851975992321968,0.08410100638866425,0.9003177285194397,0.015581246465444565,QQQ: Nasdaq 100 Is Still A Bubble - Sell,https://finnhub.io/api/news?id=de978dde57dbc9260845d12f628076cf2a8ee1cb666566f0d37da0c7d08fb874,108.72245025634766,-0.020538729957531268,2025-04-28,108.91243743896484,-0.018827169127736996,2025-04-30,113.53211975097656,0.0227907294189484,2025-05-06,134.8206329345703,0.2145751687040738,2025-05-15,142.62010192871094,0.2848392014649784,2025-06-09,30,0.2848392014649784
134126462,2025-04-25 16:00:32+00:00,2025-04-25,2025-04-25,111.0022964477539,0.8959464989602566,0.9317774772644043,0.03239152580499649,0.03583097830414772,Wall Street Shuffle: Game On For Nvidia And Tesla — And Game Over For These Stocks?,https://finnhub.io/api/news?id=31511f34c2a18d4c324707a6aace106f74014164897d191b3d58b858818e0caa,108.72245025634766,-0.020538729957531268,2025-04-28,108.91243743896484,-0.018827169127736996,2025-04-30,113.53211975097656,0.0227907294189484,2025-05-06,134.8206329345703,0.2145751687040738,2025-05-15,142.62010192871094,0.2848392014649784,2025-06-09,30,0.2848392014649784
134095649,2025-04-25 15:59:36+00:00,2025-04-25,2025-04-25,111.0022964477539,0.6168354898691177,0.7454819679260254,0.12587153911590576,0.12864647805690765,Intel: Credit Likely To Be Junk Within Five Quarters,https://finnhub.io/api/news?id=9fc5a99153830e1458787e812cc45ace7c398249c7fcbf4c6b7f89644f64aadd,108.72245025634766,-0.020538729957531268,2025-04-28,108.91243743896484,-0.018827169127736996,2025-04-30,113.53211975097656,0.0227907294189484,2025-05-06,134.8206329345703,0.2145751687040738,2025-05-15,142.62010192871094,0.2848392014649784,2025-06-09,30,0.2848392014649784
134087334,2025-04-25 15:58:55+00:00,2025-04-25,2025-04-25,111.0022964477539,-0.6172840446233749,0.18736965954303741,0.007976665161550045,0.8046537041664124,"Former Cisco CEO John Chambers on tariffs: Yes, Apple can make iPhones in the US",https://finnhub.io/api/news?id=6f56b00bde9aee51d162b2b4c78bec8f3d27d996a7e4c1a8d01f29fe913c828a,108.72245025634766,-0.020538729957531268,2025-04-28,108.91243743896484,-0.018827169127736996,2025-04-30,113.53211975097656,0.0227907294189484,2025-05-06,134.8206329345703,0.2145751687040738,2025-05-15,142.62010192871094,0.2848392014649784,2025-06-09,30,0.2848392014649784
134087391,2025-04-25 15:42:43+00:00,2025-04-25,2025-04-25,111.0022964477539,-0.06993754953145981,0.02119186520576477,0.8876788020133972,0.09112941473722458,Nvidia Shares Climb After Morgan Stanley Hikes 2027 Forecast on Soaring AI Demand,https://finnhub.io/api/news?id=91c1549a8d69a20250d5ddcf82585668a95ca056bd93b71f2d9fdcce96ab8b90,108.72245025634766,-0.020538729957531268,2025-04-28,108.91243743896484,-0.018827169127736996,2025-04-30,113.53211975097656,0.0227907294189484,2025-05-06,134.8206329345703,0.2145751687040738,2025-05-15,142.62010192871094,0.2848392014649784,2025-06-09,30,0.2848392014649784
134087393,2025-04-25 15:40:11+00:00,2025-04-25,2025-04-25,111.0022964477539,-0.8029637560248375,0.08941743522882462,0.01820143684744835,0.8923811912536621,Intel Shifts to In-House AI Development Amid Competitive Pressure from Nvidia and Cloud Giants,https://finnhub.io/api/news?id=dab02254af5428b3c04cecbfaaf1e37e73ca36f902738673586ae3d61ed9bfcc,108.72245025634766,-0.020538729957531268,2025-04-28,108.91243743896484,-0.018827169127736996,2025-04-30,113.53211975097656,0.0227907294189484,2025-05-06,134.8206329345703,0.2145751687040738,2025-05-15,142.62010192871094,0.2848392014649784,2025-06-09,30,0.2848392014649784
134087394,2025-04-25 14:57:48+00:00,2025-04-25,2025-04-25,111.0022964477539,-0.9262777753174305,0.02583138272166252,0.02205950766801834,0.952109158039093,Nvidia Gets Forecast Upgrade as AI Inference Demand Surges Globally,https://finnhub.io/api/news?id=dfa060702b22face0d8faca0bf9b2d289d0ff79d6f14f72079ba86e518a60b37,108.72245025634766,-0.020538729957531268,2025-04-28,108.91243743896484,-0.018827169127736996,2025-04-30,113.53211975097656,0.0227907294189484,2025-05-06,134.8206329345703,0.2145751687040738,2025-05-15,142.62010192871094,0.2848392014649784,2025-06-09,30,0.2848392014649784
134087396,2025-04-25 14:43:00+00:00,2025-04-25,2025-04-25,111.0022964477539,-0.8318686671555042,0.029301147907972336,0.10952900350093842,0.8611698150634766,Nvidia Stock Rises. What Alphabet and Intel Earnings Mean for the Chip Maker.,https://finnhub.io/api/news?id=1b9434aea3ab2cb5f05bfc3492bdefe69aa93b1d429bae3681a0346bf791a2c5,108.72245025634766,-0.020538729957531268,2025-04-28,108.91243743896484,-0.018827169127736996,2025-04-30,113.53211975097656,0.0227907294189484,2025-05-06,134.8206329345703,0.2145751687040738,2025-05-15,142.62010192871094,0.2848392014649784,2025-06-09,30,0.2848392014649784
134126484,2025-04-25 14:39:22+00:00,2025-04-25,2025-04-25,111.0022964477539,-0.8467440567910671,0.05905717983841896,0.035141609609127045,0.9058012366294861,Big Tech ETF rallies Friday to accelerate strong weekly advance,https://finnhub.io/api/news?id=2ae32e98caa83db2ae8cf7dc39c1b04b7c3ef61f7d23f56ad16f1c7be6a8371e,108.72245025634766,-0.020538729957531268,2025-04-28,108.91243743896484,-0.018827169127736996,2025-04-30,113.53211975097656,0.0227907294189484,2025-05-06,134.8206329345703,0.2145751687040738,2025-05-15,142.62010192871094,0.2848392014649784,2025-06-09,30,0.2848392014649784
134126565,2025-04-25 13:58:00+00:00,2025-04-25,2025-04-25,111.0022964477539,0.0863681435585022,0.10850195586681366,0.8693642020225525,0.022133812308311462,"This common worry about Nvidia is ‘laughable,’ Morgan Stanley says",https://finnhub.io/api/news?id=f746630bb09b17b62620c0b8bff08eb154b83a2abba59015b84239a6b47f5bd0,108.72245025634766,-0.020538729957531268,2025-04-28,108.91243743896484,-0.018827169127736996,2025-04-30,113.53211975097656,0.0227907294189484,2025-05-06,134.8206329345703,0.2145751687040738,2025-05-15,142.62010192871094,0.2848392014649784,2025-06-09,30,0.2848392014649784
134087398,2025-04-25 13:45:00+00:00,2025-04-25,2025-04-25,111.0022964477539,0.6136392652988434,0.794507622718811,0.024623995646834373,0.18086835741996765,Meet the Latest Supercharged AI Stock I Bought During the Stock Market Downturn,https://finnhub.io/api/news?id=925bd11bf6803bf811aa9fd99e9dff0731bbf96dc6e6a853374b59658742ba5a,108.72245025634766,-0.020538729957531268,2025-04-28,108.91243743896484,-0.018827169127736996,2025-04-30,113.53211975097656,0.0227907294189484,2025-05-06,134.8206329345703,0.2145751687040738,2025-05-15,142.62010192871094,0.2848392014649784,2025-06-09,30,0.2848392014649784
134087399,2025-04-25 13:10:27+00:00,2025-04-25,2025-04-25,111.0022964477539,-0.7782467007637024,0.10467404127120972,0.01240529678761959,0.8829207420349121,"Nvidia (NVDA) Will Benefit From Resolution of Trade War in the Medium Term, Veteran Analyst Says",https://finnhub.io/api/news?id=7aa7c61c95cc81f435ab27bdd6f346fb8d3da581f3649592443eb2cbe6a5974b,108.72245025634766,-0.020538729957531268,2025-04-28,108.91243743896484,-0.018827169127736996,2025-04-30,113.53211975097656,0.0227907294189484,2025-05-06,134.8206329345703,0.2145751687040738,2025-05-15,142.62010192871094,0.2848392014649784,2025-06-09,30,0.2848392014649784
134126566,2025-04-25 12:57:00+00:00,2025-04-25,2025-04-25,111.0022964477539,0.8404194042086601,0.9038877487182617,0.03264392912387848,0.06346834450960159,Super Micro Stock Gets a ‘Neutral’ Rating. Why Competition Is a Worry.,https://finnhub.io/api/news?id=d4e7a72ea6b95a0564e68563a6880e4eeb7d07e90a9790b1b4f53eacffcdf11f,108.72245025634766,-0.020538729957531268,2025-04-28,108.91243743896484,-0.018827169127736996,2025-04-30,113.53211975097656,0.0227907294189484,2025-05-06,134.8206329345703,0.2145751687040738,2025-05-15,142.62010192871094,0.2848392014649784,2025-06-09,30,0.2848392014649784
134091923,2025-04-25 12:40:20+00:00,2025-04-25,2025-04-25,111.0022964477539,-0.7821220979094505,0.10299614816904068,0.011885705403983593,0.8851182460784912,"You Might Not See Waymo Coming, But I Do: Maintaining Alphabet With A Buy",https://finnhub.io/api/news?id=e0c0f39e2de301120cea24203342bc8feb29697141e1e8afdc14721defb17643,108.72245025634766,-0.020538729957531268,2025-04-28,108.91243743896484,-0.018827169127736996,2025-04-30,113.53211975097656,0.0227907294189484,2025-05-06,134.8206329345703,0.2145751687040738,2025-05-15,142.62010192871094,0.2848392014649784,2025-06-09,30,0.2848392014649784
134089192,2025-04-25 12:09:54+00:00,2025-04-25,2025-04-25,111.0022964477539,-0.8071689829230309,0.09141800552606583,0.009995060041546822,0.8985869884490967,Alphabet: Cloud And Waymo Ready To Take Up The Growth Baton,https://finnhub.io/api/news?id=59f62e449eff9069a049be4f5f4722e1e38e90df1c95bcfb8e4718c2b862152f,108.72245025634766,-0.020538729957531268,2025-04-28,108.91243743896484,-0.018827169127736996,2025-04-30,113.53211975097656,0.0227907294189484,2025-05-06,134.8206329345703,0.2145751687040738,2025-05-15,142.62010192871094,0.2848392014649784,2025-06-09,30,0.2848392014649784
134087352,2025-04-25 12:00:00+00:00,2025-04-25,2025-04-25,111.0022964477539,0.011953488923609257,0.019701482728123665,0.9725505113601685,0.007747993804514408,2 Top Stocks You Can Buy Now With $500,https://finnhub.io/api/news?id=635bcc251cb923a2d77e049731c8895ea258d85ebc98e29b68a036954e1993ea,108.72245025634766,-0.020538729957531268,2025-04-28,108.91243743896484,-0.018827169127736996,2025-04-30,113.53211975097656,0.0227907294189484,2025-05-06,134.8206329345703,0.2145751687040738,2025-05-15,142.62010192871094,0.2848392014649784,2025-06-09,30,0.2848392014649784
134087380,2025-04-25 11:45:00+00:00,2025-04-25,2025-04-25,111.0022964477539,-0.8190652951598167,0.07944325357675552,0.0220482274889946,0.8985085487365723,Elon Musk Thinks Tesla Will Become the World's Most Valuable Company. Here's Why Its Stock Could Decline by 50% (or More) Instead,https://finnhub.io/api/news?id=0a55ea5dccec377fd567b51502f1e22131f5f91ec671a92b0741ff5a22550469,108.72245025634766,-0.020538729957531268,2025-04-28,108.91243743896484,-0.018827169127736996,2025-04-30,113.53211975097656,0.0227907294189484,2025-05-06,134.8206329345703,0.2145751687040738,2025-05-15,142.62010192871094,0.2848392014649784,2025-06-09,30,0.2848392014649784
134126567,2025-04-25 11:42:00+00:00,2025-04-25,2025-04-25,111.0022964477539,0.8325672596693039,0.8918060660362244,0.04895515739917755,0.05923880636692047,Trump Tariffs Are Creating Chaos. Barry Ritholtz Says It’s Time to Embrace Your Inner Mr. Spock.,https://finnhub.io/api/news?id=2b0ee4760c5a890788846564057b7e7dbfbfe36401d17bd792d4a9e119f770c6,108.72245025634766,-0.020538729957531268,2025-04-28,108.91243743896484,-0.018827169127736996,2025-04-30,113.53211975097656,0.0227907294189484,2025-05-06,134.8206329345703,0.2145751687040738,2025-05-15,142.62010192871094,0.2848392014649784,2025-06-09,30,0.2848392014649784
134087402,2025-04-25 11:37:34+00:00,2025-04-25,2025-04-25,111.0022964477539,-0.08726224303245544,0.451985627412796,0.008766497485339642,0.5392478704452515,AI Chips Today - Cerence AI Revolutionizing Automotive Interaction With New Partnership,https://finnhub.io/api/news?id=ea3e7a4f2f732dd60322ae22695ecfbcf43bd8f6e9c5c8475b87eddd3510fd29,108.72245025634766,-0.020538729957531268,2025-04-28,108.91243743896484,-0.018827169127736996,2025-04-30,113.53211975097656,0.0227907294189484,2025-05-06,134.8206329345703,0.2145751687040738,2025-05-15,142.62010192871094,0.2848392014649784,2025-06-09,30,0.2848392014649784
134087404,2025-04-25 11:35:16+00:00,2025-04-25,2025-04-25,111.0022964477539,0.006178585812449455,0.018873611465096474,0.9684314131736755,0.012695025652647018,Mar Vista’s U.S. Quality Strategy Established a Position in NVIDIA (NVDA) Following a Pullback,https://finnhub.io/api/news?id=88ad9334d8e7a34f0508975f77c8a33ce55e37c040cbfb30bae3ecb470f373f8,108.72245025634766,-0.020538729957531268,2025-04-28,108.91243743896484,-0.018827169127736996,2025-04-30,113.53211975097656,0.0227907294189484,2025-05-06,134.8206329345703,0.2145751687040738,2025-05-15,142.62010192871094,0.2848392014649784,2025-06-09,30,0.2848392014649784
134085360,2025-04-25 11:15:00+00:00,2025-04-25,2025-04-25,111.0022964477539,0.8891696184873581,0.9322631359100342,0.024643346667289734,0.043093517422676086,NZS Capital Q1 2025 Shareholder Letter,https://finnhub.io/api/news?id=68f36eaddc50cc61ff2ce3f56aa5bbee4e0e320d99f1b0ce1a1c9e28ff841989,108.72245025634766,-0.020538729957531268,2025-04-28,108.91243743896484,-0.018827169127736996,2025-04-30,113.53211975097656,0.0227907294189484,2025-05-06,134.8206329345703,0.2145751687040738,2025-05-15,142.62010192871094,0.2848392014649784,2025-06-09,30,0.2848392014649784
134087385,2025-04-25 11:03:21+00:00,2025-04-25,2025-04-25,111.0022964477539,0.5937846153974533,0.7891863584518433,0.015411928296089172,0.19540174305438995,Are Magnificent 7 stocks still worth the hype? Here's how readers voted,https://finnhub.io/api/news?id=79d7138a0013bbcc374ff9cd6c2492b1978fc3c194c8ac0bad241c51d2c32361,108.72245025634766,-0.020538729957531268,2025-04-28,108.91243743896484,-0.018827169127736996,2025-04-30,113.53211975097656,0.0227907294189484,2025-05-06,134.8206329345703,0.2145751687040738,2025-05-15,142.62010192871094,0.2848392014649784,2025-06-09,30,0.2848392014649784
134087408,2025-04-25 11:00:00+00:00,2025-04-25,2025-04-25,111.0022964477539,0.19383294694125652,0.2195810228586197,0.7546709179878235,0.025748075917363167,2 Unstoppable Stocks Destined to Achieve a $1 Trillion Valuation,https://finnhub.io/api/news?id=b28ca2be17cc692f2a858eac8a3db366f8fbd247a18e71b321f70d2e4c83804e,108.72245025634766,-0.020538729957531268,2025-04-28,108.91243743896484,-0.018827169127736996,2025-04-30,113.53211975097656,0.0227907294189484,2025-05-06,134.8206329345703,0.2145751687040738,2025-05-15,142.62010192871094,0.2848392014649784,2025-06-09,30,0.2848392014649784
134083308,2025-04-25 10:43:53+00:00,2025-04-25,2025-04-25,111.0022964477539,0.5048063844442368,0.7463024258613586,0.012201580218970776,0.2414960414171219,Nvidia: AI Floodgates Are About To Open,https://finnhub.io/api/news?id=178835a8dc0d2c107bb197e9698ea17de36182f6ffadd24a9a99e975264b542b,108.72245025634766,-0.020538729957531268,2025-04-28,108.91243743896484,-0.018827169127736996,2025-04-30,113.53211975097656,0.0227907294189484,2025-05-06,134.8206329345703,0.2145751687040738,2025-05-15,142.62010192871094,0.2848392014649784,2025-06-09,30,0.2848392014649784
134087410,2025-04-25 10:20:00+00:00,2025-04-25,2025-04-25,111.0022964477539,0.10795702785253525,0.22999924421310425,0.6479585766792297,0.122042216360569,President Donald Trump Just Dealt a Jarring Blow to Nvidia. Can the Artificial Intelligence (AI) Chip King Recover and Reclaim Its Previous Highs?,https://finnhub.io/api/news?id=8f1da85a0d73c60d862db322f7d070a9334663fbe28aedce1855988b4e0f1ea6,108.72245025634766,-0.020538729957531268,2025-04-28,108.91243743896484,-0.018827169127736996,2025-04-30,113.53211975097656,0.0227907294189484,2025-05-06,134.8206329345703,0.2145751687040738,2025-05-15,142.62010192871094,0.2848392014649784,2025-06-09,30,0.2848392014649784
134093024,2025-04-25 10:00:00+00:00,2025-04-25,2025-04-25,111.0022964477539,0.01206047460436821,0.028283243998885155,0.9554940462112427,0.016222769394516945,Large cryptocurrencies mixed as Tronix falls,https://finnhub.io/api/news?id=1f82513718e5e03bc09aa1ac82945612591d877ebc4cb9b4a176122b6e3fd962,108.72245025634766,-0.020538729957531268,2025-04-28,108.91243743896484,-0.018827169127736996,2025-04-30,113.53211975097656,0.0227907294189484,2025-05-06,134.8206329345703,0.2145751687040738,2025-05-15,142.62010192871094,0.2848392014649784,2025-06-09,30,0.2848392014649784
134079938,2025-04-25 09:50:38+00:00,2025-04-25,2025-04-25,111.0022964477539,0.01823246479034424,0.5035567283630371,0.011119017377495766,0.48532426357269287,Nvidia's Stock Is Trading As If It's 2022 Again,https://finnhub.io/api/news?id=be9af401b7b0ed4f331f30d45dfa47ec78ff8ca413cfc44eb606a05bfe3092f6,108.72245025634766,-0.020538729957531268,2025-04-28,108.91243743896484,-0.018827169127736996,2025-04-30,113.53211975097656,0.0227907294189484,2025-05-06,134.8206329345703,0.2145751687040738,2025-05-15,142.62010192871094,0.2848392014649784,2025-06-09,30,0.2848392014649784
134074106,2025-04-25 08:20:10+00:00,2025-04-25,2025-04-25,111.0022964477539,-0.010230928659439087,0.1356063336133957,0.7185563445091248,0.14583726227283478,Dow Jones Futures Fall Ahead Of Inflation Survey; Google Surges On Earnings,https://finnhub.io/api/news?id=9d262246bc78d4d114890e2a719ec7f8a5f2b4f774a81a18b27f21c14fd38fd2,108.72245025634766,-0.020538729957531268,2025-04-28,108.91243743896484,-0.018827169127736996,2025-04-30,113.53211975097656,0.0227907294189484,2025-05-06,134.8206329345703,0.2145751687040738,2025-05-15,142.62010192871094,0.2848392014649784,2025-06-09,30,0.2848392014649784
134087412,2025-04-25 09:30:00+00:00,2025-04-25,2025-04-25,111.0022964477539,-0.8928117230534554,0.04780422896146774,0.011579802259802818,0.9406159520149231,IBM Is Back. Now It Must Prove Its Mettle in AI.,https://finnhub.io/api/news?id=85d224251c98e316a4c3e08eb2fb93d6ff71ff82362cb86aa12ef34bac95c1b2,108.72245025634766,-0.020538729957531268,2025-04-28,108.91243743896484,-0.018827169127736996,2025-04-30,113.53211975097656,0.0227907294189484,2025-05-06,134.8206329345703,0.2145751687040738,2025-05-15,142.62010192871094,0.2848392014649784,2025-06-09,30,0.2848392014649784
134087413,2025-04-25 08:57:00+00:00,2025-04-25,2025-04-25,111.0022964477539,0.08989563956856728,0.14024154841899872,0.8094125986099243,0.05034590885043144,2 Vanguard ETFs That Have Crushed the Market This Year,https://finnhub.io/api/news?id=1e8398c2e449b32b56b8b00c7639a9f54a7df41bf9efe43f90f554e6f074ca56,108.72245025634766,-0.020538729957531268,2025-04-28,108.91243743896484,-0.018827169127736996,2025-04-30,113.53211975097656,0.0227907294189484,2025-05-06,134.8206329345703,0.2145751687040738,2025-05-15,142.62010192871094,0.2848392014649784,2025-06-09,30,0.2848392014649784
134087415,2025-04-25 08:44:00+00:00,2025-04-25,2025-04-25,111.0022964477539,0.006672692485153675,0.01645888015627861,0.9737550020217896,0.009786187671124935,Wall Street Is Screaming to Buy Nvidia Stock Hand Over Fist Right Now. Should You Listen?,https://finnhub.io/api/news?id=b2c630fcabacc04ee933e8f042609f8760ba6384aa6fa9d4d050bd7fa32778cd,108.72245025634766,-0.020538729957531268,2025-04-28,108.91243743896484,-0.018827169127736996,2025-04-30,113.53211975097656,0.0227907294189484,2025-05-06,134.8206329345703,0.2145751687040738,2025-05-15,142.62010192871094,0.2848392014649784,2025-06-09,30,0.2848392014649784
134087417,2025-04-25 07:45:00+00:00,2025-04-25,2025-04-25,111.0022964477539,0.8871792517602444,0.9315600395202637,0.024059101939201355,0.0443807877600193,"Tesla Stock vs. Nvidia Stock: The Best Buy Right Now, According to Wall Street",https://finnhub.io/api/news?id=bbc8ab7d14f915ce28c9de4ebe8fd332cd1042309686d9f5510f4b7c7a50c53f,108.72245025634766,-0.020538729957531268,2025-04-28,108.91243743896484,-0.018827169127736996,2025-04-30,113.53211975097656,0.0227907294189484,2025-05-06,134.8206329345703,0.2145751687040738,2025-05-15,142.62010192871094,0.2848392014649784,2025-06-09,30,0.2848392014649784
134087418,2025-04-25 07:15:00+00:00,2025-04-25,2025-04-25,111.0022964477539,-0.08056965470314026,0.07357129454612732,0.7722877860069275,0.15414094924926758,1 Wall Street Analyst Thinks Nvidia Stock Is Going to $150. Is It a Buy?,https://finnhub.io/api/news?id=3add79199b30766253db447c5389364162277486d280b9ec37e19fbc6e5c26b9,108.72245025634766,-0.020538729957531268,2025-04-28,108.91243743896484,-0.018827169127736996,2025-04-30,113.53211975097656,0.0227907294189484,2025-05-06,134.8206329345703,0.2145751687040738,2025-05-15,142.62010192871094,0.2848392014649784,2025-06-09,30,0.2848392014649784
134070656,2025-04-25 06:30:36+00:00,2025-04-25,2025-04-25,111.0022964477539,-0.7048773989081383,0.11975941807031631,0.0556037575006485,0.8246368169784546,"NVDY: The Market Has Changed, So Has My Opinion (Upgrade)",https://finnhub.io/api/news?id=76493291c5824a9a82ea54bcd047e71795027a840eb96b5b2cd54a80228aa6b5,108.72245025634766,-0.020538729957531268,2025-04-28,108.91243743896484,-0.018827169127736996,2025-04-30,113.53211975097656,0.0227907294189484,2025-05-06,134.8206329345703,0.2145751687040738,2025-05-15,142.62010192871094,0.2848392014649784,2025-06-09,30,0.2848392014649784
134070383,2025-04-25 05:54:23+00:00,2025-04-25,2025-04-25,111.0022964477539,0.5450751185417175,0.7433682084083557,0.058338649570941925,0.19829308986663818,China's Momenta Not Worried About US Chip Curb,https://finnhub.io/api/news?id=62c421180f1be74acc4e2e0dc8af71f8de8d187f6c2d7ae609035493333507ad,108.72245025634766,-0.020538729957531268,2025-04-28,108.91243743896484,-0.018827169127736996,2025-04-30,113.53211975097656,0.0227907294189484,2025-05-06,134.8206329345703,0.2145751687040738,2025-05-15,142.62010192871094,0.2848392014649784,2025-06-09,30,0.2848392014649784
134071052,2025-04-25 05:38:00+00:00,2025-04-25,2025-04-25,111.0022964477539,0.18606088869273663,0.20321351289749146,0.7796338796615601,0.01715262420475483,Intel Layoffs Can’t Solve the Chip Maker’s Issues. Why Wall Street Is Wary of the Stock.,https://finnhub.io/api/news?id=1452c10548e89a3546dd10b11d5d4ef87b11a3b70b622581a2ac715cd753ebc9,108.72245025634766,-0.020538729957531268,2025-04-28,108.91243743896484,-0.018827169127736996,2025-04-30,113.53211975097656,0.0227907294189484,2025-05-06,134.8206329345703,0.2145751687040738,2025-05-15,142.62010192871094,0.2848392014649784,2025-06-09,30,0.2848392014649784
134067258,2025-04-25 00:17:45+00:00,2025-04-25,2025-04-25,111.0022964477539,0.45716796815395355,0.6853705048561096,0.0864269807934761,0.22820253670215607,"Analysis-After years of failed AI deals, Intel plans homegrown challenge to Nvidia",https://finnhub.io/api/news?id=a5283e9598c6b6dda82269769a36ff34425780ada41574765860a7721158aa61,108.72245025634766,-0.020538729957531268,2025-04-28,108.91243743896484,-0.018827169127736996,2025-04-30,113.53211975097656,0.0227907294189484,2025-05-06,134.8206329345703,0.2145751687040738,2025-05-15,142.62010192871094,0.2848392014649784,2025-06-09,30,0.2848392014649784
134067259,2025-04-24 22:09:00+00:00,2025-04-24,2025-04-24,106.422607421875,0.011217891238629818,0.019046304747462273,0.9731253385543823,0.007828413508832455,"Intel Cuts Outlook, Says Layoffs Are in Store",https://finnhub.io/api/news?id=4521d5695b238086f291eb4f914ad02a6481fcb6a76c971ae94a5e01b4df8573,111.0022964477539,0.04303304661315372,2025-04-25,109.0124282836914,0.024335250982434328,2025-04-29,113.81209564208984,0.06943532393377487,2025-05-05,135.33059692382812,0.27163391503233486,2025-05-14,141.7101593017578,0.3315794710798404,2025-06-06,30,0.3315794710798404
134067260,2025-04-24 21:33:20+00:00,2025-04-24,2025-04-24,106.422607421875,-0.8725491166114807,0.05435383319854736,0.018743248656392097,0.9269029498100281,Is NVIDIA Corporation (NVDA) the Best Aggressive Growth Stock to Buy Now?,https://finnhub.io/api/news?id=5810ead1b3c2ce6aa3cc833cfa5d6071eb1061c3e055ab9a7c3433d1eb05070e,111.0022964477539,0.04303304661315372,2025-04-25,109.0124282836914,0.024335250982434328,2025-04-29,113.81209564208984,0.06943532393377487,2025-05-05,135.33059692382812,0.27163391503233486,2025-05-14,141.7101593017578,0.3315794710798404,2025-06-06,30,0.3315794710798404
134067261,2025-04-24 20:57:17+00:00,2025-04-24,2025-04-24,106.422607421875,-0.9299332052469254,0.025906607508659363,0.01825358159840107,0.9558398127555847,"Nvidia Supplier SK hynix Rides AI Boom With Big Q1, Steady HBM Outlook",https://finnhub.io/api/news?id=832bc7fc3d75ada9f77a59d6be3f55441ec72dc0840eee7cd98b20893d1d0a5e,111.0022964477539,0.04303304661315372,2025-04-25,109.0124282836914,0.024335250982434328,2025-04-29,113.81209564208984,0.06943532393377487,2025-05-05,135.33059692382812,0.27163391503233486,2025-05-14,141.7101593017578,0.3315794710798404,2025-06-06,30,0.3315794710798404
134067262,2025-04-24 20:18:42+00:00,2025-04-24,2025-04-24,106.422607421875,-0.86677554436028,0.02052917890250683,0.09216604381799698,0.8873047232627869,"Tech stocks climb as Nvidia, Amazon reject claims of AI buildout slowdown",https://finnhub.io/api/news?id=7c2590587d46482f693bea6e76e41c19db66acc9bda154678f4f4deae6f768df,111.0022964477539,0.04303304661315372,2025-04-25,109.0124282836914,0.024335250982434328,2025-04-29,113.81209564208984,0.06943532393377487,2025-05-05,135.33059692382812,0.27163391503233486,2025-05-14,141.7101593017578,0.3315794710798404,2025-06-06,30,0.3315794710798404
134067263,2025-04-24 20:11:00+00:00,2025-04-24,2025-04-24,106.422607421875,-0.9232916962355375,0.028107749298214912,0.020492782816290855,0.9513994455337524,Why Broadcom Stock Soared Today,https://finnhub.io/api/news?id=855637b07d25ecbf13bd7e660af956807b11b104d2d8c305b640c4c74abd0665,111.0022964477539,0.04303304661315372,2025-04-25,109.0124282836914,0.024335250982434328,2025-04-29,113.81209564208984,0.06943532393377487,2025-05-05,135.33059692382812,0.27163391503233486,2025-05-14,141.7101593017578,0.3315794710798404,2025-06-06,30,0.3315794710798404
134065132,2025-04-24 18:30:58+00:00,2025-04-24,2025-04-24,106.422607421875,-0.7541730478405952,0.11736112087965012,0.01110471785068512,0.8715341687202454,"Alphabet Q1: Excellent Results, Strong Buy",https://finnhub.io/api/news?id=229d1d725304464ee91e001d72aa0bf68684a1470ce075265821204aed7989b6,111.0022964477539,0.04303304661315372,2025-04-25,109.0124282836914,0.024335250982434328,2025-04-29,113.81209564208984,0.06943532393377487,2025-05-05,135.33059692382812,0.27163391503233486,2025-05-14,141.7101593017578,0.3315794710798404,2025-06-06,30,0.3315794710798404
134067264,2025-04-24 17:43:53+00:00,2025-04-24,2025-04-24,106.422607421875,-0.9118252359330654,0.03799528256058693,0.01218422967940569,0.9498205184936523,NVIDIA (NasdaqGS:NVDA) Powers Cerence's Next-Gen Automotive AI with MediaTek Partnership,https://finnhub.io/api/news?id=0955a3fa77d2da3b23f62c50d251289124f6ca380bb774597cd10f89f2e1e291,111.0022964477539,0.04303304661315372,2025-04-25,109.0124282836914,0.024335250982434328,2025-04-29,113.81209564208984,0.06943532393377487,2025-05-05,135.33059692382812,0.27163391503233486,2025-05-14,141.7101593017578,0.3315794710798404,2025-06-06,30,0.3315794710798404
134067265,2025-04-24 16:44:28+00:00,2025-04-24,2025-04-24,106.422607421875,0.810059942305088,0.868561327457428,0.0729372501373291,0.058501385152339935,Josh Brown Explains Long-Term Threats to Nvidia (NVDA),https://finnhub.io/api/news?id=7fb994a79567ef2af4c32e296992d349b46422d0d9a4f68487e811224fc85e1b,111.0022964477539,0.04303304661315372,2025-04-25,109.0124282836914,0.024335250982434328,2025-04-29,113.81209564208984,0.06943532393377487,2025-05-05,135.33059692382812,0.27163391503233486,2025-05-14,141.7101593017578,0.3315794710798404,2025-06-06,30,0.3315794710798404
134064584,2025-04-24 16:39:46+00:00,2025-04-24,2025-04-24,106.422607421875,0.6814879961311817,0.7193382978439331,0.24281147122383118,0.03785030171275139,Hold Your Horses On Nvidia: Why Long-Term Risks Temper The AI Euphoria,https://finnhub.io/api/news?id=22e234df0fa0da0439e248f3d4d9b3e9051a5f172c96afc9fdb6473ba50bcbfe,111.0022964477539,0.04303304661315372,2025-04-25,109.0124282836914,0.024335250982434328,2025-04-29,113.81209564208984,0.06943532393377487,2025-05-05,135.33059692382812,0.27163391503233486,2025-05-14,141.7101593017578,0.3315794710798404,2025-06-06,30,0.3315794710798404
134067266,2025-04-24 16:31:59+00:00,2025-04-24,2025-04-24,106.422607421875,0.8494532443583012,0.9048609733581543,0.039731260389089584,0.055407728999853134,Dean of Valuation Damodaran on CoreWeave (CRWV): ‘Buzzwords’ AI and Nvidia ‘Aren’t Working Anymore’,https://finnhub.io/api/news?id=6d4aef18ee4760b12e0dd7bab4f91263f3ea9d1b79b22a0f91b091c699f4b5e6,111.0022964477539,0.04303304661315372,2025-04-25,109.0124282836914,0.024335250982434328,2025-04-29,113.81209564208984,0.06943532393377487,2025-05-05,135.33059692382812,0.27163391503233486,2025-05-14,141.7101593017578,0.3315794710798404,2025-06-06,30,0.3315794710798404
